<?xml version="1.0" encoding="UTF-8"?><metadata xmlns:xsi="http://www.w3.org/2001/XMLSchema-instance" xsi:noNamespaceSchemaLocation="http://www.conabio.gob.mx/informacion/gis/schemas/fgdc/fgdc-std-001-1998.xsd"><idinfo><citation><citeinfo><origin>CONABIO, (2000). &apos;Divisi&#x00F3;n Municipal de M&#x00E9;xico, 1995&apos;, Comisi&#x00F3;n Nacional para el Conocimento y Uso de la Biodiversidad. Obtenido de L&#x00ED;mites municipales, 1995. Instituto de Geograf&#x00ED;a, UNAM. M&#x00E9;xico. </origin><pubdate>20020711</pubdate><title>Divisi&#x00F3;n Municipal de M&#x00E9;xico, 1995</title><geoform>Shapefile. Formato vectorial compuesto por 4 archivos (shp, shx, dbf,prj)</geoform><othercit>1000000</othercit><onlink>http://www.conabio.gob.mx/informacion/metadata/gis/mun1995gw.xml?_httpcache=yes&amp;_xsl=/db/metadata/xsl/fgdc_html.xsl&amp;_indent=no</onlink></citeinfo></citation><descript><abstract>El mapa muestra la divisi&#x00F3;n municipal para 1995, con un total de 2428 municipios.</abstract><purpose>No conocido</purpose><supplinf>Se anexo por parte de la SSIG un campo m&#x00E1;s al mapa, el cual describe el total de la poblaci&#x00F3;n (para 1995). El dato se obtuvo del INEGI (Instituto Nacional de Estad&#x00ED;stica Geograf&#x00ED;a e Inform&#x00E1;tica).</supplinf></descript><timeperd><timeinfo><sngdate><caldate>00000000</caldate></sngdate></timeinfo><current>No conocido</current></timeperd><status><progress>Complete</progress><update>No planeado</update></status><spdom><bounding><westbc>-117.125839233398</westbc><eastbc>-86.7117691040039</eastbc><northbc>32.7186126708984</northbc><southbc>14.5339870452881</southbc></bounding></spdom><keywords><theme><themekt>CNB.ACCESO</themekt><themekey>publico</themekey></theme><theme><themekt>CNB.LICENCIA</themekt><themekey>CC_BY_NC_2.5_MX</themekey></theme><theme><themekt>CNB.VISIBILIDAD</themekt><themekey>0</themekey><themekey>10</themekey></theme><theme><themekt>ESTRUCTURA</themekt><themekey>dipol</themekey><themekey>mupal</themekey><themekey>mun1995gw</themekey></theme><theme><themekt>CNB.ESCALA</themekt><themekey>1000000</themekey></theme><theme><themekt>CONABIO</themekt><themekey>1995</themekey><themekey>Aspecto social</themekey><themekey>Divisi&#x00F3;n municipal</themekey><themekey>Divisi&#x00F3;n pol&#x00ED;tica</themekey><themekey>Municipios</themekey><themekey>Municipios 1995</themekey></theme><place><placekt>CONABIO</placekt><placekey>Aguascalientes</placekey><placekey>Baja California</placekey><placekey>Baja California Sur</placekey><placekey>Campeche</placekey><placekey>Coahuila</placekey><placekey>Colima</placekey><placekey>Chiapas</placekey><placekey>Chihuahua</placekey><placekey>Distrito Federal</placekey><placekey>Durango</placekey><placekey>Estado de M&#x00E9;xico</placekey><placekey>Guanajuato</placekey><placekey>Guerrero</placekey><placekey>Hidalgo</placekey><placekey>Jalisco</placekey><placekey>Michoac&#x00E1;n</placekey><placekey>Morelos</placekey><placekey>Nacional</placekey><placekey>Nayarit</placekey><placekey>Nuevo Le&#x00F3;n</placekey><placekey>Oaxaca</placekey><placekey>Puebla</placekey><placekey>Quer&#x00E9;taro</placekey><placekey>Quintana Roo</placekey><placekey>Rep&#x00FA;blica Mexicana</placekey><placekey>San Luis Potos&#x00ED;</placekey><placekey>Sinaloa</placekey><placekey>Sonora</placekey><placekey>Tabasco</placekey><placekey>Tamaulipas</placekey><placekey>Tlaxcala</placekey><placekey>Veracruz</placekey><placekey>Yucat&#x00E1;n</placekey><placekey>Zacatecas</placekey></place></keywords><accconst>Sin restricciones</accconst><useconst>No se permite utilizar estos datos con fines lucrativos y se debe citar la fuente del mapa y a CONABIO. Ver la licencia completa en http://creativecommons.org/licenses/by-nc/2.5/mx/</useconst><browse><browsen>http://www.conabio.gob.mx/informacion/gis/layouts/mun1995gw.png</browsen><browsed>Mapa ilustrativo de Divisi&#x00F3;n Municipal de M&#x00E9;xico, 1995. La proyecci&#x00F3;n citada, es exclusiva para el dise&#x00F1;o de esta imagen.</browsed><browset>png</browset></browse><native>SIG ARC-INFO, versi&#x00F3;n 9.2, UNIX</native></idinfo><dataqual><logic>Gabinete</logic><complete>La actualizaci&#x00F3;n de la informaci&#x00F3;n del Marco Geoestad&#x00ED;stico Nacional (MGN) se lleva a cabo bajo los lineamientos descritos para este fin en los Manuales de Cartograf&#x00ED;a del XII Censo General de Poblaci&#x00F3;n y Vivienda, 2000, as&#x00ED; como las disposiciones emitidas en los Peri&#x00F3;dicos Oficiales con respecto a los nombres y creaci&#x00F3;n de nuevos municipios.</complete><lineage><srcinfo><srccite><citeinfo><origin>No conocido</origin><pubdate>00000000</pubdate><title>No conocido</title><geoform>No conocido</geoform></citeinfo></srccite><srcscale>9999999</srcscale><typesrc>No conocido</typesrc><srctime><timeinfo><sngdate><caldate>00000000</caldate></sngdate></timeinfo><srccurr>No conocido</srccurr></srctime><srccitea>No conocido</srccitea><srccontr>Instituto de Geograf&#x00ED;a. UNAM, &apos;L&#x00ED;mites municipales,&apos;, Escala 1:1000000. Instituto de Geograf&#x00ED;a, Universidad Nacional Aut&#x00F3;noma de M&#x00E9;xico, M&#x00E9;xico, D.F..</srccontr></srcinfo><procstep><procdesc>1) Actualizaci&#x00F3;n en campo. Previo y durante cualquier evento censal se realizan recorridos de campo con la finalidad de actualizar el marco geoestad&#x00ED;stico nacional. 2) Validaci&#x00F3;n. Todas las actualizaciones de campo (o las que se dan por decretos en l&#x00ED;mites estatales y municipales) son validadas mediante trabajo de gabinete. 3) Integraci&#x00F3;n. Plasmar en la cartograf&#x00ED;a en formato digital las actualizaciones. 4) Digitalizaci&#x00F3;n. Conformaci&#x00F3;n de conjuntos estatales y nacional del marco geoestad&#x00ED;stico municipal. 5) Elaboraci&#x00F3;n de productos (impresos y digitales). Elaboraci&#x00F3;n de positivos sumados para impresi&#x00F3;n, as&#x00ED; como exportaci&#x00F3;n a diferentes formatos de software del marco geoestad&#x00ED;stico municipal. 6) Puesta a disposici&#x00F3;n de los usuarios. Entrega a la direcci&#x00F3;n de difusi&#x00F3;n de los productos para su comercializaci&#x00F3;n.</procdesc><procdate>00000000</procdate></procstep></lineage></dataqual><spdoinfo><direct>Vector</direct><ptvctinf><sdtsterm ><sdtstype>G-polygon</sdtstype><ptvctcnt>2466</ptvctcnt></sdtsterm></ptvctinf></spdoinfo><spref><horizsys><geograph><latres>0.0174532925199433</latres><longres>0.0174532925199433</longres><geogunit>Decimal degrees</geogunit></geograph><geodetic><horizdn>WGS84</horizdn><ellips>WGS84</ellips><semiaxis>6378137.000000</semiaxis><denflat>298.257224</denflat></geodetic></horizsys></spref><eainfo><detailed><enttyp><enttypl>MUN1995GW.DBF</enttypl><enttypd>Divisi&#x00F3;n municipal, 1995</enttypd><enttypds>No conocido</enttypds></enttyp><attr><attrlabl>EDO</attrlabl><attrdef>Car&#x00E1;cter</attrdef><attrdefs>Datos del proyecto</attrdefs><attrdomv><udom>Clave &#x00FA;nica de la Entidad Federativa a la que pertenece el municipio.</udom></attrdomv></attr><attr><attrlabl>MUN</attrlabl><attrdef>Car&#x00E1;cter</attrdef><attrdefs>Datos del proyecto</attrdefs><attrdomv><udom>Clave del municipio.</udom></attrdomv></attr><attr><attrlabl>POBTOT</attrlabl><attrdef>Num&#x00E9;rico</attrdef><attrdefs>Editado por la SSIG</attrdefs><attrdomv><udom>Poblaci&#x00F3;n total, 1995 que presenta el municipio.</udom></attrdomv></attr><attr><attrlabl>AREA</attrlabl><attrdef>Num&#x00E9;rico</attrdef><attrdefs>Calculado por Arc-Info</attrdefs><attrdomv><udom>&#x00C1;rea de los pol&#x00ED;gonos asociada a un municipio.</udom></attrdomv><attrvai><attrva>1</attrva><attrvae>Grados decimales al cuadrado</attrvae></attrvai></attr><attr><attrlabl>PERIMETER</attrlabl><attrdef>Num&#x00E9;rico</attrdef><attrdefs>Calculado por Arc-Info</attrdefs><attrdomv><udom>Per&#x00ED;metro de los pol&#x00ED;gonos asociado a un municipio.</udom></attrdomv><attrvai><attrva>1</attrva><attrvae>Grados decimales</attrvae></attrvai></attr><attr><attrlabl>CLAVE</attrlabl><attrdef>Car&#x00E1;cter</attrdef><attrdefs>Datos el proyecto</attrdefs><attrdomv><udom>Clave &#x00FA;nica de identificaci&#x00F3;n para el municipio. Se describe la clave del estado (los dos primeros d&#x00ED;gitos) y la clave del municipio (los tres &#x00FA;ltimos d&#x00ED;gitos).</udom></attrdomv></attr><attr><attrlabl>NOMBRE</attrlabl><attrdef>Car&#x00E1;cter</attrdef><attrdefs>Datos del proyecto</attrdefs><attrdomv><udom>Nombre propio del municipio</udom></attrdomv></attr></detailed></eainfo><distinfo><distrib><cntinfo><cntorgp><cntorg>CONABIO</cntorg><cntper>Jose Manuel Davila Rosas</cntper></cntorgp><cntpos>Subdirector de Sistemas de Informaci&#x00F3;n Geogr&#x00E1;fica</cntpos><cntaddr><addrtype>mailing and physical address</addrtype><address>Liga Perif&#x00E9;rico Insurgentes Sur Num. 4903 1er piso. Col. Parques del Pedregal. Delg. Tlalpan</address><city>Ciudad de M&#x00E9;xico</city><state>D.F.</state><postal>14010</postal><country>M&#x00E9;xico</country></cntaddr><cntvoice>50045012</cntvoice><cntfax>50044931</cntfax><cntemail>jdavila@conabio.gob.mx</cntemail><hours>Lunes a Viernes de 8 a 18 hrs.</hours></cntinfo></distrib><resdesc>mun1995gw</resdesc><distliab>La Subdirecci&#x00F3;n de Sistemas de Informaci&#x00F3;n Geogr&#x00E1;fica de la CONABIO solo se hace responsable de la informaci&#x00F3;n presentada en el mapa y se deslinda del uso que se le de a la misma.</distliab><stdorder><digform><digtinfo><formname>ESRI Shapefile (SHP)</formname><formverd>199807</formverd><filedec>compactado en ZIP</filedec><transize>4</transize></digtinfo><digtopt><onlinopt><computer><networka><networkr> http://www.conabio.gob.mx/informacion/gis/maps/geo/mun1995gw.zip</networkr></networka></computer><accinstr>Coordenadas geogr&#x00E1;ficas WGS84. (EPSG:4326). Formato vectorial de almacenamiento de elementos geogr&#x00E1;ficos y sus atributos asociados. </accinstr></onlinopt><onlinopt><computer><networka><networkr> http://www.conabio.gob.mx/informacion/gis/maps/ccl/mun1995gw_c.zip</networkr></networka></computer><accinstr>Proyecci&#x00F3;n C&#x00F3;nica Conforme de Lambert WGS84. (EPSG:48402). Formato vectorial de almacenamiento de elementos geogr&#x00E1;ficos y sus atributos asociados. </accinstr></onlinopt></digtopt></digform><digform><digtinfo><formname>Google Earth (KML)</formname><formvern>2.2</formvern><filedec>compactado como KMZ</filedec></digtinfo><digtopt><onlinopt><computer><networka><networkr> http://www.conabio.gob.mx/informacion/gis/maps/kmz/mun1995gw.kmz</networkr></networka></computer><accinstr>Coordenadas geogr&#x00E1;ficas WGS84. (EPSG:4326). Los archivos KML representan datos geogr&#x00E1;ficos para Google Earth, a menudo suelen distribuirse comprimidos como KMZ.</accinstr></onlinopt></digtopt></digform><digform><digtinfo><formname>CNB.GEO.TMS</formname><formvern>1.0.0</formvern><formspec>PNG</formspec></digtinfo><digtopt><onlinopt><computer><networka><networkr>http://wms0.conabio.gob.mx/mun1995gw.py/</networkr><networkr>http://wms1.conabio.gob.mx/mun1995gw.py/</networkr><networkr>http://wms2.conabio.gob.mx/mun1995gw.py/</networkr></networka></computer></onlinopt></digtopt></digform><digform><digtinfo><formname>Servicio de im&#x00E1;genes (WMS)</formname><formvern>1.1.1</formvern></digtinfo><digtopt><onlinopt><computer><networka><networkr>http://www.conabio.gob.mx/informacion/explorer/wms?Format=image/gif&amp;request=GetMap&amp;version=1.1.1&amp;width=800&amp;height=424&amp;srs=EPSG:4326&amp;bbox=-120.0,13.8,-85.1,33.5&amp;layers=mun1995gw</networkr></networka></computer><accinstr>Coordenadas geogr&#x00E1;ficas WGS84. (EPSG:4326). Servicio Web Map Service. Los mapas de datos referenciados espacialmente producidos se generan normalmente en un formato de imagen como PNG, GIF o JPEG, pueden se vistos en un SIG </accinstr></onlinopt></digtopt></digform><digform><digtinfo><formname>Mapa digital interactivo</formname><formvern>1.0</formvern></digtinfo><digtopt><onlinopt><computer><networka><networkr>http://www.conabio.gob.mx/informacion/gis/?vns=gis_root/dipol/mupal/mun1995gw</networkr></networka></computer><accinstr>Coordenadas geogr&#x00E1;ficas WGS84. (EPSG:4326)</accinstr></onlinopt></digtopt></digform><fees>Acceso libre sin ning&#x00FA;n cargo al p&#x00FA;blico en general.</fees></stdorder><techpreq>Arc-Info, Arcview o sistemas compatibles, en caso que existan se pueden visualizar en Google Earth KML y/o conexi&#x00F3;n al servicio WMS.</techpreq></distinfo><metainfo><metd>20090903</metd><metc><cntinfo><cntorgp><cntorg>CONABIO</cntorg><cntper>Norma Moreno</cntper></cntorgp><cntpos>Administrador de Metadatos</cntpos><cntaddr><addrtype>mailing and physical address</addrtype><address>Liga Perif&#x00E9;rico Insurgentes Sur Num. 4903 1er piso. Col. Parques del Pedregal. Delg. Tlalpan</address><city>Ciudad de M&#x00E9;xico</city><state>D.F.</state><postal>14010</postal><country>M&#x00E9;xico</country></cntaddr><cntvoice>01 55 5004 4938</cntvoice><cntfax>50044931</cntfax><cntemail>ssig@conabio.gob.mx</cntemail><hours>Lunes a Viernes de 8 a 18 hrs.</hours></cntinfo></metc><metstdn>FGDC Content Standards for Digital Geospatial Metadata, 1998</metstdn><metstdv>FGDC-STD-001-1998 version 2.0</metstdv></metainfo></metadata>