10;699;36;15;4;20;15;12;9;12;19;57;14;5;68;8;16;22;23;11;11;7;26;8;14;39;48;21;6;42;25;10;24;30;15;13;7;11;12
Eptesicus_diploid_Msat_data;;;GG;SL;PL1;PL2;PL3;CH;IT;FR;UK01;UK02;UK03;UK04;UK05;UK06;UK07;UK08;UK09;UK10;UK11;UK12;UK13;UK14;UK15;UK16;UK17;UK18;UK19;UK20;UK21;UK22;UK23;UK24;UK25;UK26;UK27;UK28
Ind;Pob;Paur05;;Mu4389;;EF1;;EF4;;EF6;;EF14;;EF15;;D15;;B22;;TT20;;;;;;;;;;;;;;;;;;
GG1;GG;239;249;141;157;0;0;219;221;167;177;121;123;111;133;143;143;137;137;191;193;;;;;;;;;;;;;;;;;
GG2;GG;241;245;141;141;177;183;217;217;177;185;119;121;119;129;0;0;137;137;191;193;;;;;;;;;;;;;;;;;
GG3;GG;239;243;141;141;177;177;217;219;177;187;119;125;127;127;141;141;137;137;195;195;;;;;;;;;;;;;;;;;
GG4;GG;0;0;141;141;0;0;0;0;0;0;115;119;0;0;0;0;137;137;191;191;;;;;;;;;;;;;;;;;
GG5;GG;243;245;141;141;177;177;217;223;181;183;119;121;111;113;143;143;137;137;191;191;;;;;;;;;;;;;;;;;
GG6;GG;0;0;141;141;177;183;217;217;0;0;111;119;117;117;141;141;137;137;0;0;;;;;;;;;;;;;;;;;
GG7;GG;245;249;141;141;177;183;217;221;173;181;117;117;111;129;0;0;137;137;187;187;;;;;;;;;;;;;;;;;
GG8;GG;237;239;141;141;177;177;219;221;183;183;121;123;111;125;143;143;137;137;189;189;;;;;;;;;;;;;;;;;
GG9;GG;241;247;141;141;177;177;0;0;171;177;121;125;119;119;143;143;137;137;0;0;;;;;;;;;;;;;;;;;
GG10;GG;241;245;141;141;177;183;217;219;179;185;113;121;111;129;143;143;137;137;189;189;;;;;;;;;;;;;;;;;
GG11;GG;241;247;141;141;177;183;219;221;183;187;119;127;113;113;141;143;137;137;189;189;;;;;;;;;;;;;;;;;
GG12;GG;235;239;141;141;177;183;217;219;189;189;123;123;111;115;0;0;137;137;0;0;;;;;;;;;;;;;;;;;
GG13;GG;241;245;141;141;177;183;217;219;179;185;113;121;111;129;0;0;137;137;0;0;;;;;;;;;;;;;;;;;
GG14;GG;241;245;141;141;177;177;219;227;185;185;119;121;0;0;0;0;137;137;187;187;;;;;;;;;;;;;;;;;
GG15;GG;239;243;141;141;0;0;219;223;181;185;115;119;0;0;143;143;137;137;0;0;;;;;;;;;;;;;;;;;
SL1;SL;247;247;141;163;177;183;219;223;161;185;121;121;115;117;143;143;137;137;191;191;;;;;;;;;;;;;;;;;
SL2;SL;243;253;141;141;177;177;221;221;179;187;121;121;115;115;145;145;135;137;191;191;;;;;;;;;;;;;;;;;
SL3;SL;243;253;141;141;177;177;221;221;181;189;117;123;117;123;143;143;135;137;191;191;;;;;;;;;;;;;;;;;
SL4;SL;243;253;141;157;177;177;223;223;173;173;113;117;113;113;143;143;135;135;193;195;;;;;;;;;;;;;;;;;
PKK733;PL1;235;239;141;141;177;177;217;219;179;187;127;127;117;123;143;143;135;135;191;191;;;;;;;;;;;;;;;;;
PKK734;PL1;241;247;141;141;0;0;217;219;171;177;119;121;111;117;143;145;137;137;191;191;;;;;;;;;;;;;;;;;
PKK735;PL1;245;247;141;143;177;177;0;0;177;185;117;119;111;115;143;147;135;137;191;191;;;;;;;;;;;;;;;;;
PKK736;PL1;235;247;143;143;177;177;217;219;177;187;121;121;117;117;143;143;135;135;187;187;;;;;;;;;;;;;;;;;
PKK737;PL1;239;247;0;0;0;0;217;217;185;187;121;125;117;117;143;145;135;135;191;193;;;;;;;;;;;;;;;;;
PKK738;PL1;245;245;141;141;177;177;217;219;185;187;119;125;115;117;143;143;135;137;187;187;;;;;;;;;;;;;;;;;
PKK739;PL1;241;251;141;143;177;183;217;219;161;179;119;121;113;117;143;143;135;137;191;191;;;;;;;;;;;;;;;;;
PKK740;PL1;235;247;141;141;177;183;217;221;175;191;119;121;113;117;143;143;135;135;187;193;;;;;;;;;;;;;;;;;
PKK741;PL1;235;247;141;141;177;177;219;219;183;189;123;125;117;139;143;147;135;137;189;193;;;;;;;;;;;;;;;;;
PKK742;PL1;241;245;141;141;0;0;217;219;161;187;119;127;115;117;143;143;135;137;191;191;;;;;;;;;;;;;;;;;
PKK743;PL1;247;247;141;143;177;177;221;221;175;181;121;125;113;115;143;143;137;137;187;191;;;;;;;;;;;;;;;;;
PKK744;PL1;241;253;141;141;177;183;219;219;187;187;119;127;113;115;143;143;135;137;187;191;;;;;;;;;;;;;;;;;
PKK745;PL1;235;245;141;141;177;177;217;221;175;179;125;127;117;123;143;143;135;135;191;191;;;;;;;;;;;;;;;;;
PKK746;PL1;239;247;141;141;183;183;217;219;0;0;119;123;115;117;141;143;135;137;191;195;;;;;;;;;;;;;;;;;
PKK747;PL1;241;245;141;141;177;177;217;217;177;187;121;123;113;117;143;143;135;135;191;191;;;;;;;;;;;;;;;;;
PKK748;PL1;241;245;141;143;177;177;217;219;177;185;121;123;113;129;143;143;135;137;191;193;;;;;;;;;;;;;;;;;
PKK749;PL1;241;247;141;143;177;177;217;217;171;181;117;121;111;115;143;147;137;137;187;191;;;;;;;;;;;;;;;;;
PKK750;PL1;235;247;141;141;177;177;219;221;177;183;121;121;111;117;145;147;135;137;191;193;;;;;;;;;;;;;;;;;
PKK751;PL1;245;249;141;141;0;0;0;0;161;183;119;125;115;117;143;143;137;137;191;191;;;;;;;;;;;;;;;;;
PKK752;PL1;245;247;141;141;177;183;217;217;173;183;119;119;115;117;143;145;135;137;191;191;;;;;;;;;;;;;;;;;
PZP759;PL2;239;245;141;143;177;177;221;223;185;189;117;119;117;123;143;143;135;137;189;191;;;;;;;;;;;;;;;;;
PZP760;PL2;235;239;141;141;177;177;221;221;173;185;117;119;117;117;143;143;135;137;193;193;;;;;;;;;;;;;;;;;
PZP761;PL2;0;0;141;141;177;177;223;223;181;189;119;127;115;117;143;147;137;137;0;0;;;;;;;;;;;;;;;;;
PZP762;PL2;235;247;143;143;177;183;219;221;185;189;119;123;113;117;143;149;135;137;193;193;;;;;;;;;;;;;;;;;
PZP763;PL2;243;249;141;157;177;177;217;221;173;185;121;121;113;115;143;143;135;137;191;193;;;;;;;;;;;;;;;;;
PZP764;PL2;235;251;141;141;177;183;221;223;161;187;115;125;115;117;143;145;135;137;187;191;;;;;;;;;;;;;;;;;
PZP765;PL2;241;245;141;143;177;183;223;223;185;187;113;117;117;147;143;143;135;137;189;191;;;;;;;;;;;;;;;;;
PZP766;PL2;241;247;141;143;177;183;217;221;183;185;119;119;115;117;143;143;135;137;191;193;;;;;;;;;;;;;;;;;
PZP767;PL2;243;247;143;143;177;177;221;221;0;0;119;123;113;117;143;143;135;137;191;193;;;;;;;;;;;;;;;;;
PZP768;PL2;245;247;141;141;177;177;219;219;183;189;119;119;111;123;143;149;137;137;195;195;;;;;;;;;;;;;;;;;
PZP769;PL2;245;245;141;141;177;177;221;223;175;189;119;121;113;117;143;143;135;137;191;191;;;;;;;;;;;;;;;;;
PZP770;PL2;241;247;141;143;177;177;219;221;161;177;121;123;107;115;143;147;137;137;191;191;;;;;;;;;;;;;;;;;
PZP771;PL2;235;245;141;141;177;183;217;223;185;189;119;121;107;115;143;143;135;137;191;193;;;;;;;;;;;;;;;;;
PZP772;PL2;243;251;141;141;177;177;219;219;175;185;119;123;117;117;143;145;135;137;187;191;;;;;;;;;;;;;;;;;
PZP773;PL2;245;247;141;141;177;177;219;219;181;189;121;123;115;115;143;149;135;137;191;191;;;;;;;;;;;;;;;;;
PDR2711;PL3;239;245;141;141;0;0;219;219;175;185;121;125;115;117;143;145;135;135;191;191;;;;;;;;;;;;;;;;;
PDR2712;PL3;0;0;141;141;0;0;0;0;0;0;123;125;111;115;147;147;135;137;193;193;;;;;;;;;;;;;;;;;
PDR2713;PL3;241;251;141;143;177;183;219;221;185;189;119;125;117;117;143;145;135;137;191;191;;;;;;;;;;;;;;;;;
PDR2714;PL3;241;253;141;141;177;177;0;0;161;187;117;119;113;115;143;143;135;137;189;191;;;;;;;;;;;;;;;;;
PDR2715;PL3;247;249;141;141;177;183;217;221;0;0;121;121;111;113;145;147;137;137;191;191;;;;;;;;;;;;;;;;;
PDR2716;PL3;235;249;141;141;177;177;0;0;161;189;113;119;111;111;145;147;135;135;191;191;;;;;;;;;;;;;;;;;
PDR2717;PL3;239;251;141;143;0;0;0;0;175;185;121;121;117;119;143;143;135;135;193;193;;;;;;;;;;;;;;;;;
PDR2718;PL3;235;247;143;143;177;177;219;219;161;173;117;119;117;117;143;143;137;137;189;191;;;;;;;;;;;;;;;;;
PDR2719;PL3;231;245;141;141;0;0;217;223;173;187;121;121;113;115;143;143;135;135;0;0;;;;;;;;;;;;;;;;;
PDR2720;PL3;241;245;141;141;177;177;217;221;177;183;123;123;115;123;145;145;135;135;191;193;;;;;;;;;;;;;;;;;
PDR2721;PL3;235;241;141;141;177;183;0;0;161;183;119;121;113;117;143;143;135;135;187;187;;;;;;;;;;;;;;;;;
PDR2722;PL3;235;235;141;141;177;183;217;219;161;179;119;125;113;117;143;143;135;137;187;193;;;;;;;;;;;;;;;;;
CH1051;CH;239;245;141;141;177;177;221;221;161;161;113;119;123;123;145;145;135;137;189;189;;;;;;;;;;;;;;;;;
CH1052;CH;235;245;141;141;177;183;217;219;191;193;119;119;115;139;143;147;137;137;189;189;;;;;;;;;;;;;;;;;
CH1053;CH;245;245;141;141;177;177;219;219;161;185;119;119;111;117;143;143;135;135;187;187;;;;;;;;;;;;;;;;;
CH1055;CH;239;239;141;141;177;183;219;223;179;179;117;125;113;113;143;143;137;137;187;191;;;;;;;;;;;;;;;;;
CH1058;CH;0;0;141;141;177;177;217;219;181;181;113;117;115;117;0;0;135;135;0;0;;;;;;;;;;;;;;;;;
CH1059;CH;239;247;141;143;177;177;219;219;161;185;125;127;115;139;143;143;137;137;193;193;;;;;;;;;;;;;;;;;
CH1063;CH;247;247;141;141;177;177;219;221;161;181;119;119;117;117;143;145;135;137;191;191;;;;;;;;;;;;;;;;;
CH1393;CH;0;0;0;0;0;0;0;0;0;0;113;117;113;113;145;145;0;0;0;0;;;;;;;;;;;;;;;;;
CH1882;CH;241;245;141;141;177;177;221;221;185;185;119;121;113;117;143;143;137;137;191;193;;;;;;;;;;;;;;;;;
I0010;IT;241;247;141;141;177;183;219;219;167;181;123;125;117;117;145;145;137;137;191;191;;;;;;;;;;;;;;;;;
I0110;IT;243;247;141;141;177;177;219;219;185;185;119;119;113;115;143;143;135;137;191;193;;;;;;;;;;;;;;;;;
I0210;IT;241;247;141;141;177;183;217;219;183;183;115;119;113;117;145;145;135;137;187;191;;;;;;;;;;;;;;;;;
I0310;IT;247;247;141;141;177;177;217;219;173;189;113;121;117;127;145;145;137;137;191;195;;;;;;;;;;;;;;;;;
I0410;IT;245;247;143;143;177;177;219;221;161;173;119;121;111;117;143;143;137;137;189;189;;;;;;;;;;;;;;;;;
I0510;IT;241;247;141;141;177;183;223;223;181;183;107;123;117;117;145;145;137;137;187;191;;;;;;;;;;;;;;;;;
I0610;IT;235;249;143;143;177;177;217;219;183;185;125;127;111;123;143;143;137;137;191;195;;;;;;;;;;;;;;;;;
I0710;IT;239;247;141;143;177;183;219;219;183;185;119;127;123;129;143;147;135;137;193;193;;;;;;;;;;;;;;;;;
I0810;IT;239;247;141;143;177;177;219;219;161;183;121;127;117;117;143;147;137;137;191;193;;;;;;;;;;;;;;;;;
I0910;IT;239;247;141;141;177;177;219;219;189;197;121;127;117;119;145;145;137;137;193;193;;;;;;;;;;;;;;;;;
I1010;IT;249;249;141;141;177;177;217;221;181;181;119;121;113;115;145;145;137;137;187;191;;;;;;;;;;;;;;;;;
I1110;IT;249;251;141;143;177;177;217;221;181;183;119;119;115;117;145;147;135;137;191;193;;;;;;;;;;;;;;;;;
FB1;FR;239;251;141;143;177;183;217;223;161;183;123;127;115;117;143;145;135;137;187;191;;;;;;;;;;;;;;;;;
FB10;FR;241;251;141;141;177;177;219;221;185;191;109;117;111;117;143;143;137;137;187;191;;;;;;;;;;;;;;;;;
FB11;FR;245;251;141;143;177;177;219;223;161;185;113;125;111;117;143;145;135;137;187;187;;;;;;;;;;;;;;;;;
FB12;FR;239;241;141;141;177;177;219;219;161;173;117;125;113;117;135;139;137;137;0;0;;;;;;;;;;;;;;;;;
FB13;FR;247;251;141;143;177;177;219;219;161;173;119;127;119;137;143;143;137;137;191;191;;;;;;;;;;;;;;;;;
FB14;FR;239;245;141;141;177;183;219;219;175;181;117;119;117;117;143;147;137;137;191;191;;;;;;;;;;;;;;;;;
FB15;FR;239;245;141;143;177;183;219;219;161;181;113;121;111;119;143;147;135;137;191;191;;;;;;;;;;;;;;;;;
FB16;FR;241;247;141;141;177;183;219;219;181;183;113;121;115;117;145;145;137;137;187;191;;;;;;;;;;;;;;;;;
FB17;FR;239;245;141;141;177;177;217;219;181;183;119;125;117;117;143;147;135;137;191;193;;;;;;;;;;;;;;;;;
FB18;FR;245;247;141;141;177;177;217;223;187;191;123;125;117;123;145;149;135;135;191;193;;;;;;;;;;;;;;;;;
FB19;FR;247;247;141;141;177;183;219;223;175;181;119;125;117;119;143;147;137;137;193;193;;;;;;;;;;;;;;;;;
FB2;FR;235;251;141;143;177;177;219;219;161;161;119;125;115;117;147;151;137;137;185;187;;;;;;;;;;;;;;;;;
FB3;FR;239;241;141;141;177;177;219;221;181;183;113;119;117;127;129;129;137;137;0;0;;;;;;;;;;;;;;;;;
FB4;FR;247;249;141;141;177;177;217;217;179;183;119;121;117;129;141;143;137;137;187;191;;;;;;;;;;;;;;;;;
FB5;FR;235;235;141;141;177;177;217;223;181;185;123;127;117;117;143;143;137;137;191;193;;;;;;;;;;;;;;;;;
FB6;FR;235;235;141;143;177;183;219;219;161;183;119;127;115;117;145;145;135;137;187;191;;;;;;;;;;;;;;;;;
FB7;FR;245;251;141;141;177;177;217;223;161;183;121;121;113;117;143;143;137;137;187;191;;;;;;;;;;;;;;;;;
FB8;FR;241;247;141;141;177;183;217;219;163;185;121;121;115;115;141;143;137;137;191;193;;;;;;;;;;;;;;;;;
FB9;FR;245;247;141;141;177;177;217;219;185;189;117;119;115;119;143;143;137;137;187;187;;;;;;;;;;;;;;;;;
KC0622;UK01;239;243;141;141;177;177;219;221;161;179;125;125;117;129;147;147;135;137;187;187;;;;;;;;;;;;;;;;;
KC0626;UK01;241;247;141;141;177;177;217;221;163;163;117;125;113;113;143;145;137;137;187;191;;;;;;;;;;;;;;;;;
KC0666;UK01;239;245;141;141;177;177;217;219;185;191;119;121;113;115;143;145;137;137;187;191;;;;;;;;;;;;;;;;;
KC0698;UK01;243;245;141;143;177;177;223;223;183;187;123;125;113;113;143;147;135;137;191;193;;;;;;;;;;;;;;;;;
KC1688;UK01;241;245;143;143;177;177;219;223;181;181;119;121;113;113;145;145;137;137;187;191;;;;;;;;;;;;;;;;;
KC3101;UK01;245;251;141;141;177;177;221;221;161;181;119;125;113;115;145;145;137;137;187;191;;;;;;;;;;;;;;;;;
KC3111;UK01;239;245;141;141;177;177;223;223;161;181;119;125;113;123;143;143;137;137;187;191;;;;;;;;;;;;;;;;;
KC3129;UK01;235;247;141;143;177;177;221;223;187;191;119;121;113;115;145;145;137;137;191;191;;;;;;;;;;;;;;;;;
KC3130;UK01;245;247;141;141;177;177;217;219;163;163;125;125;113;123;143;143;137;137;187;187;;;;;;;;;;;;;;;;;
KC3131;UK01;241;243;141;141;177;177;219;223;161;181;117;123;111;113;135;145;137;137;187;193;;;;;;;;;;;;;;;;;
KC3132;UK01;241;243;141;141;177;177;217;219;161;161;117;119;117;117;143;145;137;137;187;195;;;;;;;;;;;;;;;;;
KC3133;UK01;239;251;141;141;177;177;219;219;161;191;119;119;113;113;143;145;137;137;191;191;;;;;;;;;;;;;;;;;
KC3134;UK01;235;245;141;141;177;177;223;223;185;187;117;121;111;115;143;143;137;137;191;191;;;;;;;;;;;;;;;;;
KC3135;UK01;245;245;141;141;177;177;221;221;181;187;119;123;113;115;143;145;135;137;189;191;;;;;;;;;;;;;;;;;
KC3136;UK01;241;245;141;141;177;177;219;221;181;183;117;119;113;129;143;143;135;137;189;191;;;;;;;;;;;;;;;;;
KC3137;UK01;249;249;141;141;177;177;219;223;181;183;119;123;115;115;145;145;135;137;187;191;;;;;;;;;;;;;;;;;
KC3138;UK01;241;251;141;141;177;177;219;221;161;161;123;125;113;113;143;145;137;137;191;191;;;;;;;;;;;;;;;;;
KC3139;UK01;239;241;141;141;177;177;219;219;161;181;123;125;113;113;145;145;137;137;187;191;;;;;;;;;;;;;;;;;
KC3140;UK01;241;245;143;143;177;177;219;221;161;161;119;123;115;117;143;145;137;137;187;191;;;;;;;;;;;;;;;;;
KC5517;UK01;235;245;141;143;177;177;219;221;175;185;119;119;113;113;145;145;137;137;187;187;;;;;;;;;;;;;;;;;
KC5521;UK01;243;251;141;141;177;177;219;223;161;187;121;123;117;123;147;149;137;137;187;195;;;;;;;;;;;;;;;;;
KC5526;UK01;235;245;141;157;177;177;219;219;163;185;119;119;111;117;147;147;135;137;191;191;;;;;;;;;;;;;;;;;
KC5527;UK01;245;245;141;143;177;177;219;221;161;187;119;123;115;123;145;145;137;137;187;187;;;;;;;;;;;;;;;;;
KC5541;UK01;245;245;143;143;177;177;217;217;163;163;117;119;115;123;145;145;137;137;191;191;;;;;;;;;;;;;;;;;
KC5545;UK01;245;245;141;143;177;177;219;223;181;183;117;123;113;113;143;143;135;137;189;193;;;;;;;;;;;;;;;;;
KC5563;UK01;243;245;141;141;177;177;217;219;161;187;121;121;115;123;145;145;137;137;187;193;;;;;;;;;;;;;;;;;
KC5576;UK01;245;245;141;141;177;177;217;219;163;187;119;119;111;115;143;145;137;137;187;187;;;;;;;;;;;;;;;;;
KC5580;UK01;235;245;141;143;177;177;217;219;179;187;119;123;115;123;143;143;135;137;191;191;;;;;;;;;;;;;;;;;
KC5582;UK01;235;239;141;141;177;177;217;221;179;179;121;123;115;117;0;0;0;0;0;0;;;;;;;;;;;;;;;;;
KC5583;UK01;235;245;141;143;177;177;217;223;175;181;117;119;113;113;0;0;0;0;0;0;;;;;;;;;;;;;;;;;
KC5584;UK01;241;251;141;141;177;177;217;221;181;181;117;119;113;129;0;0;0;0;0;0;;;;;;;;;;;;;;;;;
KC5588;UK01;245;251;141;143;177;177;217;223;183;183;117;123;113;115;143;143;137;137;191;193;;;;;;;;;;;;;;;;;
KC5592;UK01;241;245;141;143;177;177;219;219;175;185;119;119;111;113;143;145;137;137;187;191;;;;;;;;;;;;;;;;;
KC5598;UK01;241;241;141;157;177;177;217;219;163;185;117;121;113;113;143;145;137;137;187;195;;;;;;;;;;;;;;;;;
KC5613;UK01;241;251;141;141;177;177;217;217;181;191;117;119;115;115;145;145;135;137;187;189;;;;;;;;;;;;;;;;;
KC6011;UK01;243;251;141;141;177;177;219;219;161;183;121;123;115;123;143;145;137;137;187;191;;;;;;;;;;;;;;;;;
KC6022;UK01;251;251;141;143;177;177;217;219;187;191;117;119;115;117;143;145;137;137;187;195;;;;;;;;;;;;;;;;;
KC6023;UK01;241;251;141;143;177;177;217;219;185;187;119;119;111;115;143;145;137;137;193;195;;;;;;;;;;;;;;;;;
KC6042;UK01;241;245;141;157;177;177;217;219;163;175;117;123;113;117;145;145;137;137;191;193;;;;;;;;;;;;;;;;;
KC6058;UK01;245;251;143;143;177;177;219;219;161;179;119;123;113;123;143;145;135;137;195;195;;;;;;;;;;;;;;;;;
KC6059;UK01;235;245;143;143;177;177;219;223;181;191;119;119;115;117;145;145;137;137;191;193;;;;;;;;;;;;;;;;;
KC6060;UK01;235;241;141;141;177;177;217;219;183;191;117;119;113;115;143;143;137;137;187;187;;;;;;;;;;;;;;;;;
KC6061;UK01;235;251;141;143;177;177;221;223;187;187;119;123;113;115;145;145;137;137;191;191;;;;;;;;;;;;;;;;;
KC6062;UK01;239;245;141;157;177;177;219;221;161;183;123;123;113;123;143;145;137;137;187;191;;;;;;;;;;;;;;;;;
KC6064;UK01;245;245;141;141;177;177;217;219;161;163;117;121;111;123;145;145;137;137;187;193;;;;;;;;;;;;;;;;;
KC6065;UK01;235;243;141;141;177;183;217;217;161;175;119;121;111;123;143;145;137;137;187;189;;;;;;;;;;;;;;;;;
KC6066;UK01;241;251;141;141;177;177;217;223;161;161;117;121;115;123;149;149;137;137;187;195;;;;;;;;;;;;;;;;;
KC6067;UK01;241;245;141;141;177;177;217;217;161;161;117;119;113;123;143;145;137;137;187;189;;;;;;;;;;;;;;;;;
KC6068;UK01;245;245;141;157;177;177;219;221;163;183;119;123;113;117;143;147;137;137;187;191;;;;;;;;;;;;;;;;;
KC6069;UK01;235;245;141;157;177;177;219;219;175;185;123;123;117;117;143;145;137;137;191;191;;;;;;;;;;;;;;;;;
KC6070;UK01;245;251;141;141;177;177;217;221;161;161;119;125;115;117;143;145;137;137;187;187;;;;;;;;;;;;;;;;;
KC6071;UK01;235;245;141;157;177;183;217;219;161;187;119;121;111;123;143;145;137;137;191;193;;;;;;;;;;;;;;;;;
KC6072;UK01;235;243;143;157;177;177;219;221;177;181;119;123;113;117;143;149;135;137;187;191;;;;;;;;;;;;;;;;;
KC6074;UK01;241;243;141;143;177;177;217;221;179;185;119;123;111;113;143;145;137;137;193;193;;;;;;;;;;;;;;;;;
KC6075;UK01;241;241;141;143;177;177;221;221;181;183;119;123;113;113;143;143;137;137;191;191;;;;;;;;;;;;;;;;;
KC6076;UK01;245;251;141;157;177;177;217;217;183;191;119;123;113;113;143;145;137;137;189;191;;;;;;;;;;;;;;;;;
KC8696;UK01;235;251;141;141;177;177;217;219;181;191;117;123;111;111;145;145;137;137;189;191;;;;;;;;;;;;;;;;;
WSD0611;UK02;239;241;143;143;177;177;217;219;161;181;117;119;113;113;143;145;137;137;187;193;;;;;;;;;;;;;;;;;
WSD0612;UK02;241;245;143;157;177;177;219;223;181;181;113;123;113;119;145;145;137;137;187;191;;;;;;;;;;;;;;;;;
WSD0613;UK02;241;249;143;157;177;177;217;223;161;183;119;123;113;115;143;145;135;137;191;193;;;;;;;;;;;;;;;;;
WSD0614;UK02;245;251;141;141;177;177;223;223;161;185;117;125;113;113;145;149;135;135;187;189;;;;;;;;;;;;;;;;;
WSD0615;UK02;241;251;141;157;177;177;219;223;161;181;123;125;113;117;145;145;135;137;187;189;;;;;;;;;;;;;;;;;
WSD0616;UK02;241;249;143;157;177;177;219;223;179;183;119;119;113;115;143;145;137;137;191;193;;;;;;;;;;;;;;;;;
WSD6044;UK02;235;241;143;143;177;177;219;219;161;185;117;119;115;119;143;143;135;137;187;193;;;;;;;;;;;;;;;;;
WSD6086;UK02;241;247;143;143;177;177;217;219;181;191;117;119;113;117;143;143;137;137;187;193;;;;;;;;;;;;;;;;;
WSD6087;UK02;241;245;143;143;177;177;219;221;161;181;117;119;111;115;145;145;135;137;191;193;;;;;;;;;;;;;;;;;
WSD6088;UK02;241;245;143;143;177;183;219;223;161;187;117;119;113;115;143;143;137;137;191;191;;;;;;;;;;;;;;;;;
WSD6089;UK02;235;245;141;143;177;177;219;219;161;181;117;119;111;115;145;145;135;137;191;191;;;;;;;;;;;;;;;;;
WSD6090;UK02;241;247;141;143;177;177;217;223;181;183;119;123;113;113;149;149;137;137;191;191;;;;;;;;;;;;;;;;;
WSD6091;UK02;243;245;143;157;177;177;219;219;161;181;121;123;113;119;145;149;135;137;191;191;;;;;;;;;;;;;;;;;
WSD6092;UK02;241;245;143;157;177;177;217;219;161;161;123;123;113;115;149;149;135;135;189;191;;;;;;;;;;;;;;;;;
ESP3192;UK03;241;241;141;141;177;177;219;221;181;191;117;119;115;129;143;145;137;137;187;191;;;;;;;;;;;;;;;;;
ESP3193;UK03;241;251;141;141;177;177;217;221;179;181;119;121;111;115;145;145;137;137;187;187;;;;;;;;;;;;;;;;;
ESP3194;UK03;245;245;141;141;177;177;217;223;163;187;119;121;113;113;145;149;135;137;187;187;;;;;;;;;;;;;;;;;
ESP3195;UK03;245;249;141;141;177;177;217;221;185;185;113;119;111;117;143;149;135;137;191;191;;;;;;;;;;;;;;;;;
ESP3196;UK03;241;251;141;143;177;177;219;219;183;191;117;117;115;115;143;143;137;137;187;189;;;;;;;;;;;;;;;;;
ESD0605;UK04;235;245;141;141;177;183;219;219;185;191;117;125;113;115;143;145;135;137;189;193;;;;;;;;;;;;;;;;;
ESD0606;UK04;247;251;141;141;177;177;217;219;179;183;113;119;113;115;143;149;135;137;187;191;;;;;;;;;;;;;;;;;
ESD0607;UK04;241;251;141;143;177;183;219;223;183;185;119;121;113;117;143;149;137;137;187;189;;;;;;;;;;;;;;;;;
ESD0617;UK04;241;245;141;141;177;183;217;223;183;185;123;123;113;117;0;0;0;0;0;0;;;;;;;;;;;;;;;;;
ESD0627;UK04;239;241;143;157;177;177;219;219;161;185;119;119;117;117;0;0;0;0;0;0;;;;;;;;;;;;;;;;;
ESD0628;UK04;241;251;141;141;177;177;217;219;183;187;113;119;115;117;0;0;0;0;0;0;;;;;;;;;;;;;;;;;
ESD0629;UK04;235;241;143;143;177;177;219;223;179;187;121;125;117;117;143;143;137;137;187;195;;;;;;;;;;;;;;;;;
ESD0630;UK04;245;245;143;143;177;177;217;219;187;187;117;123;115;115;143;147;135;137;187;191;;;;;;;;;;;;;;;;;
ESD0631;UK04;235;239;141;143;177;177;217;219;185;187;119;125;113;117;143;143;137;137;189;191;;;;;;;;;;;;;;;;;
ESD0646;UK04;243;243;141;141;177;183;219;223;185;187;117;123;111;117;0;0;0;0;0;0;;;;;;;;;;;;;;;;;
ESD0647;UK04;245;251;141;141;177;177;217;219;181;187;113;125;113;117;149;149;135;137;187;191;;;;;;;;;;;;;;;;;
ESD0648;UK04;243;251;141;143;177;177;223;223;175;185;121;125;111;115;143;143;137;137;191;191;;;;;;;;;;;;;;;;;
ESD0649;UK04;247;251;141;143;177;177;217;219;177;181;117;123;113;115;143;143;137;137;191;191;;;;;;;;;;;;;;;;;
ESD0650;UK04;247;251;141;143;177;177;219;223;181;185;117;119;111;117;147;147;137;137;191;191;;;;;;;;;;;;;;;;;
ESD0651;UK04;241;247;141;141;177;177;217;219;181;183;117;123;113;115;145;149;135;137;187;189;;;;;;;;;;;;;;;;;
ESD0652;UK04;251;251;141;143;177;177;217;219;185;187;113;119;113;115;143;147;137;137;189;195;;;;;;;;;;;;;;;;;
ESD0653;UK04;235;245;141;157;177;183;219;219;161;185;119;123;115;117;143;145;137;137;187;191;;;;;;;;;;;;;;;;;
ESD0654;UK04;241;243;141;141;177;177;217;223;185;185;119;125;113;117;145;145;137;137;187;191;;;;;;;;;;;;;;;;;
ESD0655;UK04;241;245;141;157;177;177;217;219;187;191;119;125;113;115;147;147;137;137;191;191;;;;;;;;;;;;;;;;;
ESD0656;UK04;243;251;141;141;177;183;219;223;161;185;121;125;107;113;143;149;137;137;189;191;;;;;;;;;;;;;;;;;
ESD0657;UK04;241;251;141;143;177;177;217;223;181;187;119;121;113;119;143;143;135;137;189;189;;;;;;;;;;;;;;;;;
ESD0658;UK04;247;251;141;143;177;177;219;221;187;187;119;125;115;117;143;143;137;137;191;195;;;;;;;;;;;;;;;;;
ESD0659;UK04;241;247;141;141;177;177;219;221;161;179;119;125;113;115;147;147;135;137;187;191;;;;;;;;;;;;;;;;;
ESD0660;UK04;247;251;141;143;177;183;217;219;183;185;113;119;113;117;143;147;137;137;191;191;;;;;;;;;;;;;;;;;
ESD0661;UK04;235;245;141;143;177;177;217;219;181;185;117;119;113;115;143;147;137;137;191;191;;;;;;;;;;;;;;;;;
ESD0662;UK04;241;241;141;157;177;177;217;219;181;185;119;125;117;139;145;145;137;137;189;191;;;;;;;;;;;;;;;;;
ESD0685;UK04;241;243;143;157;177;177;217;223;179;181;119;125;111;115;145;145;137;137;187;191;;;;;;;;;;;;;;;;;
ESD1722;UK04;247;251;141;157;177;177;217;219;179;183;119;123;113;115;143;145;137;137;187;187;;;;;;;;;;;;;;;;;
ESD1725;UK04;235;245;141;157;177;177;219;219;185;185;117;125;113;115;147;147;137;137;187;191;;;;;;;;;;;;;;;;;
ESD3153;UK04;241;251;141;157;177;177;219;219;161;181;113;119;115;117;143;145;137;137;191;193;;;;;;;;;;;;;;;;;
ESD3163;UK04;245;245;143;143;177;177;217;219;181;181;113;117;113;139;147;147;135;137;191;191;;;;;;;;;;;;;;;;;
ESD3164;UK04;235;241;141;143;177;177;219;219;181;185;113;123;117;117;145;147;137;137;189;191;;;;;;;;;;;;;;;;;
ESD3171;UK04;241;241;157;157;177;177;219;219;179;185;119;125;117;117;143;149;0;0;0;0;;;;;;;;;;;;;;;;;
ESD3176;UK04;241;247;141;143;177;177;217;219;185;187;117;125;113;117;143;147;137;137;189;191;;;;;;;;;;;;;;;;;
ESD3177;UK04;241;241;143;157;177;177;217;223;179;185;125;125;113;115;143;145;137;137;187;191;;;;;;;;;;;;;;;;;
ESD3178;UK04;235;251;141;141;177;177;217;223;185;185;121;123;111;113;149;149;137;137;187;191;;;;;;;;;;;;;;;;;
ESD3179;UK04;241;251;141;141;177;177;219;219;183;185;113;123;115;115;145;145;137;137;187;187;;;;;;;;;;;;;;;;;
ESD3180;UK04;235;251;141;143;177;177;217;219;181;187;117;119;113;117;143;143;137;137;191;195;;;;;;;;;;;;;;;;;
ESD3181;UK04;235;251;141;143;177;177;217;219;185;187;119;123;117;129;143;143;137;137;189;195;;;;;;;;;;;;;;;;;
ESD3182;UK04;241;241;141;141;177;177;217;219;161;161;113;119;115;117;145;145;135;137;191;193;;;;;;;;;;;;;;;;;
ESD3183;UK04;235;251;143;143;177;177;219;219;181;181;119;119;117;117;143;143;137;137;191;193;;;;;;;;;;;;;;;;;
ESD3184;UK04;235;247;141;143;177;177;217;219;161;179;113;117;113;117;145;149;135;137;191;191;;;;;;;;;;;;;;;;;
ESD3185;UK04;241;249;141;143;177;177;217;219;181;181;119;121;115;117;143;149;137;137;191;191;;;;;;;;;;;;;;;;;
ESD3186;UK04;247;251;143;143;177;177;223;223;185;187;121;121;111;113;143;145;137;137;191;191;;;;;;;;;;;;;;;;;
ESD3187;UK04;247;251;141;141;177;177;217;223;175;185;119;121;111;113;145;149;137;137;191;191;;;;;;;;;;;;;;;;;
ESD3188;UK04;241;241;143;157;177;177;217;223;175;179;119;125;113;115;143;143;137;137;191;191;;;;;;;;;;;;;;;;;
ESD3189;UK04;245;251;157;157;183;183;217;219;161;163;113;123;113;115;145;149;137;137;191;195;;;;;;;;;;;;;;;;;
ESD3190;UK04;241;251;141;141;177;177;219;219;161;187;117;121;113;117;143;149;137;137;187;189;;;;;;;;;;;;;;;;;
ESD3191;UK04;239;241;141;141;177;177;219;219;187;187;123;125;113;117;143;143;137;137;187;191;;;;;;;;;;;;;;;;;
ESD5501S;UK04;235;247;143;157;177;177;219;223;179;187;113;119;115;117;143;145;135;137;189;195;;;;;;;;;;;;;;;;;
ESD5504;UK04;241;245;141;141;177;177;219;219;161;189;113;125;113;115;143;147;137;137;189;191;;;;;;;;;;;;;;;;;
ESD6005;UK04;247;251;141;141;177;177;219;223;185;187;113;119;113;113;143;143;137;137;0;0;;;;;;;;;;;;;;;;;
ESD6008;UK04;235;241;141;143;177;177;219;223;179;185;117;125;115;117;143;143;137;137;189;191;;;;;;;;;;;;;;;;;
ESD6031;UK04;247;251;141;143;177;177;219;223;179;185;123;125;115;117;145;145;137;137;189;191;;;;;;;;;;;;;;;;;
ESD6045;UK04;241;241;141;143;177;177;219;223;185;189;121;125;115;127;143;143;137;137;189;189;;;;;;;;;;;;;;;;;
ESD6046;UK04;235;241;143;157;177;177;219;223;179;185;121;125;115;115;143;143;137;137;191;193;;;;;;;;;;;;;;;;;
ESD604704;UK04;247;251;141;141;177;177;219;219;179;183;113;121;113;115;143;147;0;0;0;0;;;;;;;;;;;;;;;;;
ESD604705;UK04;247;247;141;141;177;177;219;223;161;185;119;119;113;113;0;0;0;0;0;0;;;;;;;;;;;;;;;;;
ESD6048;UK04;241;245;141;157;177;177;219;219;161;185;113;119;113;113;0;0;137;137;0;0;;;;;;;;;;;;;;;;;
ESD6049;UK04;241;251;141;143;177;177;219;223;161;187;119;125;117;117;143;145;137;137;191;191;;;;;;;;;;;;;;;;;
ESD6050;UK04;245;251;141;141;177;177;219;219;185;187;113;123;113;117;145;149;137;137;187;187;;;;;;;;;;;;;;;;;
ESD605104;UK04;247;251;141;143;177;177;217;219;177;185;117;119;113;113;0;0;137;137;0;0;;;;;;;;;;;;;;;;;
ESD6052;UK04;247;251;141;141;177;177;221;223;179;185;119;125;113;115;143;143;137;137;0;0;;;;;;;;;;;;;;;;;
ESD6054;UK04;241;247;141;157;177;177;217;219;179;185;113;113;111;113;129;129;137;137;0;0;;;;;;;;;;;;;;;;;
ESD6055;UK04;235;247;141;141;177;177;217;221;161;183;123;125;113;139;141;143;137;137;0;0;;;;;;;;;;;;;;;;;
ESD6056;UK04;243;243;141;141;177;177;217;219;185;189;113;121;115;115;0;0;137;137;0;0;;;;;;;;;;;;;;;;;
ESD6057;UK04;241;247;143;143;177;177;219;219;179;187;119;125;115;117;0;0;135;135;189;191;;;;;;;;;;;;;;;;;
ESD8673;UK04;245;251;143;157;177;177;217;219;179;187;117;119;113;115;147;147;135;137;191;191;;;;;;;;;;;;;;;;;
WSZ0618;UK05;239;241;141;141;177;177;219;223;175;187;119;119;115;117;145;145;137;137;189;191;;;;;;;;;;;;;;;;;
WSZ0619;UK05;241;243;141;143;177;177;219;219;161;179;123;123;115;117;145;147;137;137;189;189;;;;;;;;;;;;;;;;;
WSZ0620;UK05;241;245;143;157;177;177;217;221;161;181;123;125;117;117;145;149;135;137;191;191;;;;;;;;;;;;;;;;;
WSZ0621;UK05;235;243;141;141;177;177;217;217;161;161;117;125;111;117;145;149;137;137;187;187;;;;;;;;;;;;;;;;;
WSZ0632;UK05;245;245;141;143;177;177;219;223;181;185;119;123;113;115;143;143;137;137;191;191;;;;;;;;;;;;;;;;;
WSZ0633;UK05;245;251;141;141;177;183;219;219;181;191;117;119;113;117;145;149;137;137;195;195;;;;;;;;;;;;;;;;;
WSZ0634;UK05;241;241;141;143;177;183;219;223;185;187;117;119;113;117;0;0;0;0;0;0;;;;;;;;;;;;;;;;;
WSZ0635;UK05;243;245;141;143;177;177;219;223;179;185;117;123;111;117;0;0;0;0;0;0;;;;;;;;;;;;;;;;;
WSH0601;UK06;241;245;141;157;177;177;217;219;161;179;121;121;113;115;147;147;137;137;187;187;;;;;;;;;;;;;;;;;
WSH0602;UK06;239;241;141;143;177;177;221;223;161;191;113;119;115;117;143;143;137;137;0;0;;;;;;;;;;;;;;;;;
WSH0603;UK06;241;251;141;157;177;183;217;219;181;181;117;123;113;115;145;145;137;137;187;191;;;;;;;;;;;;;;;;;
WSH0604;UK06;241;241;143;157;177;183;217;217;161;161;117;121;113;117;145;145;137;137;187;187;;;;;;;;;;;;;;;;;
WSH6081;UK06;241;251;141;141;177;177;219;221;161;175;119;123;117;117;145;145;135;137;187;195;;;;;;;;;;;;;;;;;
WSH6082;UK06;235;235;143;143;177;177;219;219;181;181;119;119;113;117;145;145;137;137;189;191;;;;;;;;;;;;;;;;;
WSH6083;UK06;241;247;143;157;177;177;219;221;187;187;113;119;113;115;145;149;137;137;189;191;;;;;;;;;;;;;;;;;
WSH6084;UK06;235;239;143;143;177;177;217;219;181;181;117;119;115;117;143;145;137;137;191;191;;;;;;;;;;;;;;;;;
WSH6093;UK06;235;241;141;141;177;177;219;219;183;189;119;119;115;115;145;145;137;137;189;191;;;;;;;;;;;;;;;;;
WSH6094;UK06;247;251;141;143;177;177;217;219;179;191;119;123;113;115;145;145;137;137;0;0;;;;;;;;;;;;;;;;;
WSH6095;UK06;243;251;141;141;177;177;219;219;161;183;119;119;115;117;145;145;137;137;187;187;;;;;;;;;;;;;;;;;
WSH6096;UK06;241;245;143;157;177;177;217;219;179;181;119;121;113;113;143;145;137;137;187;189;;;;;;;;;;;;;;;;;
WSH6097;UK06;239;251;141;157;177;177;217;219;183;185;121;123;113;117;143;143;135;137;189;189;;;;;;;;;;;;;;;;;
WSH6098;UK06;241;245;143;157;177;177;219;223;163;187;119;119;113;115;145;149;137;137;191;191;;;;;;;;;;;;;;;;;
WSH6099;UK06;241;241;141;143;177;177;217;217;161;161;117;119;113;117;145;145;137;137;191;191;;;;;;;;;;;;;;;;;
WSH6100;UK06;241;251;141;143;177;177;217;219;161;181;119;119;115;117;143;145;135;135;187;189;;;;;;;;;;;;;;;;;
SR1;UK07;241;243;143;143;177;177;219;219;187;187;123;123;115;115;143;143;137;137;0;0;;;;;;;;;;;;;;;;;
SR2070;UK07;241;243;141;141;177;177;223;223;161;183;119;125;123;123;143;147;135;137;187;191;;;;;;;;;;;;;;;;;
SR2071;UK07;241;241;141;143;177;177;223;223;161;181;119;125;111;113;143;145;135;137;187;187;;;;;;;;;;;;;;;;;
SR2072;UK07;241;251;141;143;177;177;217;221;181;185;117;125;113;123;145;145;137;137;187;191;;;;;;;;;;;;;;;;;
SR2073;UK07;235;241;141;141;177;177;219;219;175;187;117;123;115;115;143;145;137;137;191;191;;;;;;;;;;;;;;;;;
SR2074;UK07;247;251;141;143;177;177;217;223;181;181;119;119;111;115;147;149;137;137;189;191;;;;;;;;;;;;;;;;;
SR2075;UK07;241;251;141;157;177;177;217;223;183;185;121;125;113;123;143;147;137;137;187;189;;;;;;;;;;;;;;;;;
SR2076;UK07;241;243;141;143;177;177;219;219;161;187;117;119;113;115;143;149;137;137;191;191;;;;;;;;;;;;;;;;;
SR2077;UK07;241;251;141;141;177;177;223;223;179;185;119;125;117;123;143;149;137;137;187;193;;;;;;;;;;;;;;;;;
SR2078;UK07;241;241;141;141;177;177;217;223;161;181;123;125;113;117;145;149;135;137;187;191;;;;;;;;;;;;;;;;;
SR2079;UK07;241;245;141;141;177;177;219;219;161;187;123;125;111;117;145;149;137;137;191;191;;;;;;;;;;;;;;;;;
SR2080;UK07;241;245;141;141;177;177;219;223;175;185;117;119;113;117;145;149;137;137;187;193;;;;;;;;;;;;;;;;;
SR2081;UK07;241;243;143;157;177;177;219;221;187;187;117;119;113;115;143;149;137;137;191;191;;;;;;;;;;;;;;;;;
SR2082;UK07;241;251;141;143;177;177;219;219;181;187;119;119;115;115;143;145;137;137;189;195;;;;;;;;;;;;;;;;;
SR2083;UK07;241;251;143;157;177;177;221;223;183;185;117;121;113;123;143;145;137;137;187;189;;;;;;;;;;;;;;;;;
SR2084;UK07;241;251;141;143;177;177;217;219;187;187;119;119;115;117;143;145;137;137;189;193;;;;;;;;;;;;;;;;;
SR2085;UK07;241;241;141;141;177;177;217;223;179;181;117;125;113;117;145;149;137;137;0;0;;;;;;;;;;;;;;;;;
SR2086;UK07;245;251;141;143;177;177;217;219;161;187;119;119;113;117;143;145;137;137;187;187;;;;;;;;;;;;;;;;;
SR2087;UK07;243;245;143;157;177;177;219;219;161;181;119;121;111;115;143;145;137;137;191;191;;;;;;;;;;;;;;;;;
SR2088;UK07;0;0;0;0;177;177;0;0;0;0;113;119;117;117;0;0;0;0;0;0;;;;;;;;;;;;;;;;;
SR2536;UK07;241;241;141;141;177;177;219;219;161;187;119;125;111;115;143;149;137;137;191;191;;;;;;;;;;;;;;;;;
SR2547;UK07;245;245;141;141;177;177;219;219;161;175;119;121;111;117;143;145;135;137;187;191;;;;;;;;;;;;;;;;;
SH1818;UK08;241;251;143;143;177;177;217;219;161;181;119;123;115;117;149;149;135;137;187;191;;;;;;;;;;;;;;;;;
SH1819;UK08;241;251;141;141;177;177;219;223;183;187;119;123;113;113;0;0;137;137;195;195;;;;;;;;;;;;;;;;;
SH1820;UK08;241;241;143;143;177;177;217;219;181;187;113;125;113;117;143;145;137;137;0;0;;;;;;;;;;;;;;;;;
SH1821;UK08;241;251;141;143;177;177;219;219;183;187;119;123;115;117;143;143;135;137;191;191;;;;;;;;;;;;;;;;;
SH1822;UK08;245;249;143;143;177;177;219;223;163;177;117;121;115;115;147;149;135;137;0;0;;;;;;;;;;;;;;;;;
SH1823;UK08;241;245;143;143;177;177;217;223;181;187;113;119;115;117;145;147;137;137;191;191;;;;;;;;;;;;;;;;;
SH1824;UK08;241;241;157;157;177;183;217;219;161;161;119;123;111;123;145;147;137;137;191;191;;;;;;;;;;;;;;;;;
SH1825;UK08;235;241;143;143;177;177;217;219;181;187;113;123;113;115;143;145;135;137;185;191;;;;;;;;;;;;;;;;;
SH1826;UK08;235;251;143;143;177;177;219;219;179;185;117;123;111;115;143;143;137;137;187;191;;;;;;;;;;;;;;;;;
SH2095;UK08;241;241;143;143;177;177;217;219;181;181;113;123;113;117;145;145;137;137;189;191;;;;;;;;;;;;;;;;;
SH2096;UK08;241;251;143;143;177;177;217;219;161;187;121;123;115;117;143;149;137;137;191;191;;;;;;;;;;;;;;;;;
SH2097;UK08;241;241;143;157;177;177;219;219;187;191;123;125;113;139;143;147;137;137;191;195;;;;;;;;;;;;;;;;;
SH2098;UK08;241;245;141;143;177;183;219;219;161;181;113;119;111;117;143;147;137;137;191;191;;;;;;;;;;;;;;;;;
SH2099;UK08;241;251;141;143;177;177;217;219;179;187;113;123;115;117;143;145;137;137;187;191;;;;;;;;;;;;;;;;;
SH2100;UK08;241;251;141;143;177;177;219;219;161;181;119;123;115;115;143;143;137;137;191;191;;;;;;;;;;;;;;;;;
SH2101;UK08;241;251;141;157;177;183;217;219;161;191;117;119;111;111;147;147;137;137;187;195;;;;;;;;;;;;;;;;;
SH2102;UK08;241;249;141;157;177;177;217;219;181;187;113;123;113;115;145;147;135;137;187;191;;;;;;;;;;;;;;;;;
SH2103;UK08;241;241;141;143;177;177;217;219;161;177;113;123;111;117;143;149;135;137;187;195;;;;;;;;;;;;;;;;;
SH2104;UK08;235;241;141;141;177;177;217;217;181;181;119;123;115;117;145;147;137;137;187;187;;;;;;;;;;;;;;;;;
SH2105;UK08;241;251;141;143;183;183;217;219;161;187;117;123;115;123;143;145;137;137;187;191;;;;;;;;;;;;;;;;;
SH2106;UK08;239;241;141;157;177;177;219;219;181;181;117;119;115;117;145;149;137;137;193;195;;;;;;;;;;;;;;;;;
SH2534;UK08;241;243;141;143;177;177;217;217;161;163;119;123;111;117;143;143;137;137;187;187;;;;;;;;;;;;;;;;;
SH2535;UK08;235;245;143;143;177;177;219;219;181;181;117;117;115;115;145;145;137;137;191;191;;;;;;;;;;;;;;;;;
BP1863;UK09;235;241;141;141;177;177;217;219;181;181;119;119;113;113;145;149;137;137;193;195;;;;;;;;;;;;;;;;;
BP1864;UK09;241;241;143;143;177;177;217;219;179;179;119;119;115;115;143;145;137;137;187;191;;;;;;;;;;;;;;;;;
BP1865;UK09;241;247;141;141;177;177;219;219;161;161;121;123;119;119;145;145;137;137;195;195;;;;;;;;;;;;;;;;;
BP1866;UK09;241;241;141;141;177;177;217;223;181;181;119;119;115;117;145;145;137;137;187;191;;;;;;;;;;;;;;;;;
BP2543;UK09;241;243;143;143;177;177;217;219;181;187;121;123;113;117;145;145;137;137;187;191;;;;;;;;;;;;;;;;;
BP2545;UK09;239;241;141;143;177;177;217;219;161;161;117;119;115;115;145;145;137;137;191;193;;;;;;;;;;;;;;;;;
BP2546;UK09;241;247;141;141;177;177;217;219;181;181;119;121;113;119;143;145;135;137;191;195;;;;;;;;;;;;;;;;;
BP2591;UK09;241;245;143;143;177;177;219;219;179;181;119;119;115;115;143;143;137;137;191;191;;;;;;;;;;;;;;;;;
BP2592;UK09;241;251;141;141;177;177;217;217;181;187;119;119;113;139;145;145;137;137;191;195;;;;;;;;;;;;;;;;;
BP2593;UK09;241;251;141;141;177;177;217;219;181;185;117;123;117;117;145;145;137;137;187;191;;;;;;;;;;;;;;;;;
BP2594;UK09;241;241;141;141;177;177;217;219;161;181;121;121;119;123;143;145;137;137;193;195;;;;;;;;;;;;;;;;;
CC1861;UK10;235;235;141;141;177;177;217;219;181;187;119;123;115;123;143;143;135;137;191;191;;;;;;;;;;;;;;;;;
CC1862;UK10;241;245;143;143;177;177;223;223;183;187;113;119;111;113;149;149;137;137;191;195;;;;;;;;;;;;;;;;;
CC1885;UK10;241;245;141;141;177;177;219;221;181;187;117;121;117;117;143;143;137;137;189;193;;;;;;;;;;;;;;;;;
CC1886;UK10;241;241;141;141;177;183;217;219;185;185;117;119;113;115;143;149;137;137;187;195;;;;;;;;;;;;;;;;;
CC1887;UK10;235;241;141;141;177;177;219;223;161;181;119;119;113;113;143;147;137;137;189;191;;;;;;;;;;;;;;;;;
CC2595;UK10;241;243;141;141;177;177;217;217;181;181;117;117;117;117;143;145;135;137;191;191;;;;;;;;;;;;;;;;;
CC2596;UK10;235;241;141;141;177;177;217;223;161;181;119;119;113;113;145;145;137;137;187;187;;;;;;;;;;;;;;;;;
CC2597;UK10;241;241;141;141;177;177;217;219;181;181;113;119;111;117;145;145;135;137;187;191;;;;;;;;;;;;;;;;;
CC2598;UK10;241;241;141;141;177;177;217;219;181;187;119;121;111;117;143;145;137;137;191;191;;;;;;;;;;;;;;;;;
CC2599;UK10;241;241;141;141;177;183;217;217;185;185;117;119;117;117;145;145;137;137;187;187;;;;;;;;;;;;;;;;;
CC2600;UK10;241;241;141;141;177;177;219;221;181;187;117;121;111;111;145;145;137;137;191;193;;;;;;;;;;;;;;;;;
HFI2629;UK11;241;245;141;143;177;177;219;219;183;191;119;125;113;117;143;145;137;137;187;189;;;;;;;;;;;;;;;;;
HFI2630;UK11;235;241;141;157;177;177;219;219;181;183;119;119;113;113;145;145;137;137;189;191;;;;;;;;;;;;;;;;;
HFI2631;UK11;241;251;141;141;177;177;217;217;163;179;119;123;115;139;143;149;135;137;189;189;;;;;;;;;;;;;;;;;
HFI2632;UK11;241;241;141;141;177;177;219;219;181;185;119;121;115;115;145;145;135;137;187;189;;;;;;;;;;;;;;;;;
HFI2633;UK11;241;241;141;141;177;177;217;219;181;183;117;119;113;117;143;145;137;137;187;191;;;;;;;;;;;;;;;;;
HFI2634;UK11;239;245;141;141;177;177;219;223;163;187;121;123;121;123;143;143;137;137;187;187;;;;;;;;;;;;;;;;;
HFI2635;UK11;239;243;141;157;177;177;219;219;161;183;121;123;113;115;145;145;137;137;189;191;;;;;;;;;;;;;;;;;
HH1804;UK12;239;241;143;143;177;177;217;217;181;181;119;125;113;115;145;145;137;137;187;189;;;;;;;;;;;;;;;;;
HH1805;UK12;241;247;141;141;177;177;219;221;185;187;119;125;117;117;149;149;137;137;187;191;;;;;;;;;;;;;;;;;
HH1806;UK12;245;251;141;143;177;177;219;219;181;187;119;125;113;117;145;145;137;137;187;187;;;;;;;;;;;;;;;;;
HH1807;UK12;239;245;141;143;177;177;217;219;185;187;117;119;115;117;145;149;137;137;189;191;;;;;;;;;;;;;;;;;
HH1808;UK12;245;251;143;143;177;177;219;219;181;183;119;119;115;117;145;145;137;137;187;187;;;;;;;;;;;;;;;;;
HH1809;UK12;241;247;141;141;177;177;219;221;181;183;119;123;115;115;145;147;137;137;189;193;;;;;;;;;;;;;;;;;
HH1810;UK12;235;247;141;141;177;177;217;221;181;185;117;119;113;117;145;149;137;137;187;187;;;;;;;;;;;;;;;;;
HH1811;UK12;245;247;141;143;177;177;219;219;181;183;119;125;117;139;143;143;137;137;187;193;;;;;;;;;;;;;;;;;
HH1812;UK12;235;241;141;141;177;177;219;219;181;187;117;119;113;115;145;145;137;137;187;189;;;;;;;;;;;;;;;;;
HH1813;UK12;247;251;141;143;177;177;219;223;181;187;119;123;113;113;143;149;137;137;191;195;;;;;;;;;;;;;;;;;
HH1814;UK12;241;251;143;143;177;177;219;219;181;183;113;119;111;115;145;149;135;137;187;191;;;;;;;;;;;;;;;;;
HH1815;UK12;241;247;141;143;177;177;219;219;163;185;119;119;115;129;145;145;137;137;189;191;;;;;;;;;;;;;;;;;
HH1816;UK12;251;251;141;141;177;177;219;221;163;163;119;123;115;117;143;145;137;137;189;189;;;;;;;;;;;;;;;;;
HH1817;UK12;235;247;141;141;177;177;219;221;185;187;123;125;115;115;143;149;137;137;191;191;;;;;;;;;;;;;;;;;
HH2551;UK12;235;241;141;141;177;177;217;219;185;185;119;125;113;117;0;0;0;0;0;0;;;;;;;;;;;;;;;;;
HH2552;UK12;245;247;141;143;177;177;219;219;181;183;117;119;113;115;147;147;137;137;187;189;;;;;;;;;;;;;;;;;
HH2636;UK12;247;247;143;143;177;194;221;223;181;181;119;123;111;115;147;149;135;137;189;195;;;;;;;;;;;;;;;;;
HH2637;UK12;245;245;143;143;177;177;217;219;181;183;119;119;117;139;143;145;137;137;187;189;;;;;;;;;;;;;;;;;
HH2638;UK12;0;0;143;143;194;194;221;221;181;181;119;121;113;115;149;149;137;137;0;0;;;;;;;;;;;;;;;;;
HH2639;UK12;251;251;141;141;177;177;217;221;163;181;113;125;111;117;145;145;137;137;187;191;;;;;;;;;;;;;;;;;
HH2640;UK12;241;249;143;143;177;177;217;219;181;185;119;125;113;117;145;145;137;137;191;191;;;;;;;;;;;;;;;;;
HH2641;UK12;241;241;141;141;177;177;219;221;181;185;119;119;113;113;145;149;137;137;187;191;;;;;;;;;;;;;;;;;
HH2642;UK12;241;241;141;143;177;177;219;219;161;161;119;119;117;129;145;145;137;137;191;195;;;;;;;;;;;;;;;;;
HH2643;UK12;241;251;143;143;177;177;219;219;161;161;119;119;115;117;143;145;135;137;187;195;;;;;;;;;;;;;;;;;
HH2644;UK12;235;247;141;143;177;177;219;219;181;185;119;123;115;117;143;145;137;137;187;195;;;;;;;;;;;;;;;;;
HH3;UK12;235;245;143;143;177;177;219;223;179;187;119;119;113;115;145;149;137;137;187;195;;;;;;;;;;;;;;;;;
HA0913;UK13;247;247;141;141;177;183;219;219;183;185;113;119;113;115;147;147;137;137;189;191;;;;;;;;;;;;;;;;;
HA0914;UK13;243;245;141;141;177;177;217;221;161;179;113;119;113;115;143;143;137;137;187;191;;;;;;;;;;;;;;;;;
HA0915;UK13;245;251;141;141;177;177;219;221;161;183;121;123;115;117;143;145;137;137;187;189;;;;;;;;;;;;;;;;;
HA0916;UK13;239;245;143;143;177;183;217;219;181;181;119;121;117;139;143;143;137;137;189;191;;;;;;;;;;;;;;;;;
HA0917;UK13;243;251;143;143;177;177;217;217;181;183;119;119;115;139;143;149;137;137;191;191;;;;;;;;;;;;;;;;;
HA0918;UK13;245;251;141;143;177;183;217;219;181;181;117;123;111;111;145;149;137;137;0;0;;;;;;;;;;;;;;;;;
HA0919;UK13;243;245;157;157;177;177;217;219;181;181;119;119;123;139;149;149;137;137;191;191;;;;;;;;;;;;;;;;;
HA0920;UK13;241;243;141;143;177;177;217;219;163;163;119;125;115;123;145;145;137;137;189;189;;;;;;;;;;;;;;;;;
WET1872;UK14;239;241;141;141;177;177;217;219;183;187;119;123;115;117;145;145;135;137;191;191;;;;;;;;;;;;;;;;;
WET1873;UK14;243;251;157;157;177;177;219;219;189;189;119;119;115;115;145;145;135;137;187;189;;;;;;;;;;;;;;;;;
WET1874;UK14;245;251;141;141;177;177;217;219;181;191;119;119;115;115;143;147;137;137;191;191;;;;;;;;;;;;;;;;;
WET1875;UK14;247;247;141;143;177;177;217;219;179;179;113;123;111;139;145;145;137;137;187;191;;;;;;;;;;;;;;;;;
WET1876;UK14;241;241;141;141;177;177;221;221;181;183;113;119;113;139;145;145;137;137;187;191;;;;;;;;;;;;;;;;;
WET1877;UK14;243;247;141;141;177;177;217;219;183;187;119;123;113;115;143;149;137;137;187;187;;;;;;;;;;;;;;;;;
WET1878;UK14;245;251;157;157;177;183;217;219;181;183;113;119;115;115;145;145;135;137;189;189;;;;;;;;;;;;;;;;;
WET1879;UK14;241;251;143;143;177;177;217;217;183;187;123;125;115;115;145;145;135;135;187;189;;;;;;;;;;;;;;;;;
WET1880;UK14;241;241;141;141;177;183;217;219;163;181;113;123;115;115;145;145;137;137;187;191;;;;;;;;;;;;;;;;;
WET1881;UK14;243;247;141;143;177;177;217;219;183;183;119;119;115;123;145;149;135;137;187;189;;;;;;;;;;;;;;;;;
WET1882;UK14;235;245;141;141;177;177;217;219;181;181;113;119;115;117;143;147;137;137;191;191;;;;;;;;;;;;;;;;;
WET1883;UK14;235;251;143;143;177;183;219;219;181;187;121;123;117;123;143;143;137;137;189;191;;;;;;;;;;;;;;;;;
WET1884;UK14;251;251;141;141;177;177;217;217;181;191;119;119;115;117;145;145;137;137;189;191;;;;;;;;;;;;;;;;;
WET5;UK14;241;251;141;141;177;177;217;217;183;191;119;123;115;117;143;145;137;137;191;191;;;;;;;;;;;;;;;;;
SS15;UK15;241;251;141;141;177;183;219;219;179;181;113;123;115;115;147;147;137;137;191;193;;;;;;;;;;;;;;;;;
SS1851;UK15;241;247;141;141;177;177;217;219;187;187;123;123;115;117;143;145;137;137;189;191;;;;;;;;;;;;;;;;;
SS1853;UK15;235;241;141;141;177;177;219;221;161;187;113;121;117;117;143;147;137;137;187;191;;;;;;;;;;;;;;;;;
SS1854;UK15;241;245;141;141;177;177;217;219;183;183;119;119;113;139;147;147;137;137;187;189;;;;;;;;;;;;;;;;;
SS1855;UK15;243;247;141;143;177;177;219;219;189;191;113;121;117;141;145;149;137;137;191;191;;;;;;;;;;;;;;;;;
SS1856;UK15;241;243;141;141;177;177;219;219;179;183;117;123;113;115;143;145;135;137;187;189;;;;;;;;;;;;;;;;;
SS1857;UK15;245;247;141;141;177;177;219;219;181;187;113;121;115;117;145;145;135;135;187;191;;;;;;;;;;;;;;;;;
SS1858;UK15;245;245;141;141;177;183;219;219;185;187;113;123;115;117;145;145;135;137;189;189;;;;;;;;;;;;;;;;;
SS1859;UK15;241;241;141;141;177;183;219;221;181;187;123;125;117;117;143;145;137;137;189;191;;;;;;;;;;;;;;;;;
SS1860;UK15;245;249;141;141;177;177;219;219;183;185;119;123;117;117;145;145;137;137;191;191;;;;;;;;;;;;;;;;;
SS1899;UK15;241;241;0;0;0;0;0;0;0;0;119;123;115;115;0;0;0;0;0;0;;;;;;;;;;;;;;;;;
SS1900;UK15;241;241;141;141;177;177;219;219;179;187;113;121;115;139;147;147;137;137;191;193;;;;;;;;;;;;;;;;;
SS2601;UK15;243;245;143;143;177;177;219;219;183;185;119;119;117;117;145;145;135;137;189;189;;;;;;;;;;;;;;;;;
SS2602;UK15;241;251;141;143;177;183;217;217;181;181;113;123;115;139;143;145;137;137;189;191;;;;;;;;;;;;;;;;;
SS2603;UK15;241;247;141;141;177;177;217;223;179;181;113;123;115;139;143;145;137;137;191;191;;;;;;;;;;;;;;;;;
SS2604;UK15;251;251;141;141;177;183;217;219;181;187;123;123;115;117;145;147;137;137;187;187;;;;;;;;;;;;;;;;;
SS2605;UK15;241;245;141;141;177;177;219;221;181;183;121;123;123;139;143;145;135;137;189;191;;;;;;;;;;;;;;;;;
SS2606;UK15;247;251;141;157;177;177;217;221;161;187;119;121;117;117;147;147;135;135;191;191;;;;;;;;;;;;;;;;;
SS2607;UK15;241;251;141;141;177;177;219;219;191;191;113;119;111;111;145;145;137;137;187;189;;;;;;;;;;;;;;;;;
SS2608;UK15;243;251;141;157;177;177;219;219;187;191;113;119;113;115;143;145;137;137;187;187;;;;;;;;;;;;;;;;;
SS2609;UK15;241;241;141;157;177;177;219;219;161;179;119;119;113;115;143;145;137;137;189;191;;;;;;;;;;;;;;;;;
SS2610;UK15;241;245;141;157;177;177;217;219;181;183;113;119;135;139;145;149;137;137;187;187;;;;;;;;;;;;;;;;;
SS2611;UK15;245;245;141;157;177;183;219;219;179;187;121;123;115;117;143;147;137;137;187;187;;;;;;;;;;;;;;;;;
SS2612;UK15;239;239;141;141;177;177;217;219;179;187;113;123;111;117;143;143;137;137;187;187;;;;;;;;;;;;;;;;;
SS2613;UK15;241;241;141;143;177;177;217;219;187;191;119;123;115;117;145;149;137;137;187;189;;;;;;;;;;;;;;;;;
SS2614;UK15;235;251;143;157;177;194;219;221;187;187;121;121;115;123;147;147;137;137;187;187;;;;;;;;;;;;;;;;;
SS2615;UK15;241;251;141;143;177;177;217;217;181;181;113;113;115;117;143;145;135;137;187;191;;;;;;;;;;;;;;;;;
SS2616;UK15;241;245;141;141;177;177;217;219;163;181;113;119;139;139;143;145;137;137;187;191;;;;;;;;;;;;;;;;;
SS2617;UK15;239;243;141;143;177;177;217;219;181;183;119;119;111;117;143;145;137;137;191;191;;;;;;;;;;;;;;;;;
SS2618;UK15;235;247;141;141;177;183;219;223;181;183;113;123;115;117;143;145;137;137;187;191;;;;;;;;;;;;;;;;;
SS2619;UK15;243;245;141;157;177;183;219;219;181;181;113;123;111;115;143;145;137;137;189;191;;;;;;;;;;;;;;;;;
SS2620;UK15;235;235;141;141;177;177;219;219;181;181;119;119;115;117;143;145;137;137;189;189;;;;;;;;;;;;;;;;;
SS2621;UK15;241;247;141;143;177;177;217;225;161;161;119;123;139;139;143;145;137;137;191;193;;;;;;;;;;;;;;;;;
SS2622;UK15;251;251;141;141;177;177;217;219;181;181;121;123;115;115;143;147;137;137;189;191;;;;;;;;;;;;;;;;;
SS2623;UK15;241;247;141;141;177;177;219;221;183;183;113;119;115;117;145;147;137;137;187;189;;;;;;;;;;;;;;;;;
SS2624;UK15;241;251;143;143;177;177;217;217;183;189;113;123;117;123;143;143;137;137;191;191;;;;;;;;;;;;;;;;;
SS2625;UK15;241;245;141;141;177;177;217;217;181;187;119;119;113;115;145;149;135;137;187;189;;;;;;;;;;;;;;;;;
SS2626;UK15;241;251;141;141;177;177;217;221;183;183;119;119;117;117;143;149;137;137;187;187;;;;;;;;;;;;;;;;;
SS3;UK15;241;247;141;141;177;183;219;219;187;191;119;119;115;117;143;149;137;137;189;189;;;;;;;;;;;;;;;;;
SB1763;UK16;239;241;141;143;177;177;217;219;181;181;113;123;115;115;143;145;135;137;189;191;;;;;;;;;;;;;;;;;
SB1764;UK16;241;241;141;157;177;177;217;221;161;183;119;123;115;115;143;145;137;137;189;189;;;;;;;;;;;;;;;;;
SB1765;UK16;241;245;141;141;177;177;217;219;181;187;113;119;115;117;143;147;137;137;189;189;;;;;;;;;;;;;;;;;
SB1766;UK16;241;247;141;157;177;183;219;219;183;183;119;121;113;117;145;147;135;137;189;191;;;;;;;;;;;;;;;;;
SB1767;UK16;249;251;143;157;177;177;217;219;181;181;119;121;115;139;143;143;135;137;189;191;;;;;;;;;;;;;;;;;
SB1768;UK16;247;249;141;157;177;177;217;219;181;181;113;119;111;117;143;145;137;137;187;189;;;;;;;;;;;;;;;;;
SB1769;UK16;245;245;141;157;177;177;219;223;161;183;119;123;115;117;145;147;137;137;189;191;;;;;;;;;;;;;;;;;
SB1770;UK16;241;249;141;143;177;183;219;221;163;181;123;123;115;117;143;149;137;137;189;191;;;;;;;;;;;;;;;;;
SB1771;UK16;245;247;141;143;177;183;219;223;181;181;113;119;111;139;145;145;137;137;189;189;;;;;;;;;;;;;;;;;
SB1772;UK16;239;241;141;141;177;177;219;219;179;191;113;119;115;117;143;143;137;137;191;191;;;;;;;;;;;;;;;;;
SB1773;UK16;241;245;141;141;177;177;221;225;161;181;117;119;113;115;145;145;137;137;189;191;;;;;;;;;;;;;;;;;
SB1774;UK16;241;241;141;141;177;183;219;221;183;187;117;123;115;117;145;147;137;137;187;189;;;;;;;;;;;;;;;;;
SB1775;UK16;235;241;157;157;177;177;217;221;161;187;119;123;117;139;145;145;135;137;191;191;;;;;;;;;;;;;;;;;
SB1776;UK16;241;241;143;143;177;177;219;223;181;181;119;123;111;115;143;145;137;137;187;191;;;;;;;;;;;;;;;;;
SB1777;UK16;239;247;143;157;177;177;217;221;161;179;113;121;117;139;147;149;135;137;189;189;;;;;;;;;;;;;;;;;
SB1778;UK16;243;249;141;141;177;177;219;221;185;187;119;121;117;117;143;145;137;137;187;189;;;;;;;;;;;;;;;;;
SB1779;UK16;245;251;143;143;177;177;219;219;183;183;113;113;111;115;147;147;137;137;189;191;;;;;;;;;;;;;;;;;
SB1780;UK16;241;245;141;141;177;177;217;221;175;187;113;119;111;139;147;149;135;135;189;191;;;;;;;;;;;;;;;;;
SB1781;UK16;249;251;141;143;177;183;217;217;181;183;113;125;113;113;145;149;137;137;189;191;;;;;;;;;;;;;;;;;
SB1782;UK16;247;251;141;143;177;183;223;225;175;179;119;121;115;117;143;149;137;137;187;191;;;;;;;;;;;;;;;;;
SB1783;UK16;245;247;141;143;177;177;219;225;183;191;119;121;115;117;147;149;137;137;189;191;;;;;;;;;;;;;;;;;
SB1784;UK16;239;241;141;141;177;177;217;219;175;181;113;121;115;117;145;149;137;137;189;191;;;;;;;;;;;;;;;;;
SB1785;UK16;241;247;141;157;177;183;217;217;181;181;113;113;111;115;145;145;135;137;191;191;;;;;;;;;;;;;;;;;
SB1786;UK16;245;251;141;141;177;177;219;219;163;183;113;123;111;115;145;145;137;137;191;191;;;;;;;;;;;;;;;;;
SB1787;UK16;241;251;141;141;177;177;219;219;183;187;121;123;113;117;143;145;137;137;191;191;;;;;;;;;;;;;;;;;
SB1788;UK16;243;251;141;141;177;177;219;221;183;187;113;119;115;123;143;145;137;137;191;191;;;;;;;;;;;;;;;;;
SB1789;UK16;241;245;141;143;177;183;219;223;161;181;113;123;115;117;143;145;135;137;191;191;;;;;;;;;;;;;;;;;
SB1790;UK16;245;251;141;141;177;177;217;219;183;185;113;121;117;123;0;0;137;137;0;0;;;;;;;;;;;;;;;;;
SB1791;UK16;241;241;143;157;177;183;221;223;181;191;113;113;117;117;143;145;137;137;189;191;;;;;;;;;;;;;;;;;
SB2451;UK16;245;245;141;141;177;177;219;225;161;181;119;121;115;117;147;147;137;137;187;187;;;;;;;;;;;;;;;;;
SB2452;UK16;241;245;141;141;177;177;217;225;181;183;119;119;115;117;143;145;137;137;0;0;;;;;;;;;;;;;;;;;
SB2453;UK16;245;251;141;157;177;177;219;219;181;183;113;121;113;117;143;143;135;137;191;193;;;;;;;;;;;;;;;;;
SB2454;UK16;245;247;141;157;177;177;219;219;181;191;119;119;117;135;143;143;135;137;191;191;;;;;;;;;;;;;;;;;
SB2455;UK16;243;245;141;143;177;177;219;219;183;187;119;121;113;123;143;143;137;137;187;187;;;;;;;;;;;;;;;;;
SB2456;UK16;241;247;143;157;177;177;217;219;181;185;119;119;113;113;143;145;137;137;191;191;;;;;;;;;;;;;;;;;
SB2457;UK16;241;243;141;141;177;177;219;223;163;183;119;119;117;117;145;145;137;137;189;191;;;;;;;;;;;;;;;;;
SB2458;UK16;241;247;141;141;177;183;217;225;179;191;113;121;111;117;143;149;137;137;191;191;;;;;;;;;;;;;;;;;
SB2459;UK16;241;251;141;143;177;177;217;219;181;181;119;119;111;117;145;145;137;137;189;189;;;;;;;;;;;;;;;;;
SB2461;UK16;249;249;141;141;177;183;219;219;163;191;123;123;115;123;145;149;135;137;187;191;;;;;;;;;;;;;;;;;
SB2462;UK16;241;241;141;157;177;177;219;219;175;181;121;123;111;117;143;143;137;137;0;0;;;;;;;;;;;;;;;;;
SB2463;UK16;239;241;143;157;177;177;219;223;181;181;119;123;111;123;145;145;137;137;187;189;;;;;;;;;;;;;;;;;
SB2464;UK16;235;245;141;157;177;177;217;221;181;183;113;119;111;117;147;147;137;137;0;0;;;;;;;;;;;;;;;;;
SB2465;UK16;241;245;141;141;177;177;219;219;161;187;119;123;115;115;143;145;137;137;189;193;;;;;;;;;;;;;;;;;
SB2466;UK16;241;243;141;141;177;177;219;219;179;181;119;121;117;117;0;0;137;137;187;191;;;;;;;;;;;;;;;;;
SB2467;UK16;245;251;141;157;177;177;219;225;161;181;123;123;117;139;145;145;135;137;191;191;;;;;;;;;;;;;;;;;
SB2468;UK16;241;241;141;141;177;183;217;221;181;185;113;113;113;115;147;147;135;137;187;191;;;;;;;;;;;;;;;;;
SB2469;UK16;241;247;141;143;177;177;219;219;181;185;121;123;115;115;149;149;137;137;189;189;;;;;;;;;;;;;;;;;
SB2470;UK16;239;245;141;141;183;183;217;223;161;181;119;121;113;123;145;147;135;137;189;191;;;;;;;;;;;;;;;;;
SBW2481;UK17;241;241;141;141;177;183;217;219;161;187;113;119;115;115;143;145;135;137;189;189;;;;;;;;;;;;;;;;;
SBW2482;UK17;241;245;141;143;177;183;219;219;161;183;113;121;115;117;143;147;135;137;187;189;;;;;;;;;;;;;;;;;
SBW2483;UK17;245;245;141;141;177;183;217;221;187;189;119;123;115;123;145;145;135;137;0;0;;;;;;;;;;;;;;;;;
SBW2484;UK17;245;251;143;143;177;183;219;219;161;161;113;119;115;117;143;145;135;137;189;191;;;;;;;;;;;;;;;;;
SBW2485;UK17;241;249;141;157;177;177;219;223;181;189;121;121;111;115;143;143;135;137;189;191;;;;;;;;;;;;;;;;;
SBW2486;UK17;235;245;141;157;177;177;217;225;181;181;113;119;113;115;145;145;137;137;189;189;;;;;;;;;;;;;;;;;
SBW2487;UK17;241;245;143;157;177;177;219;219;161;161;117;119;109;117;143;143;135;137;191;191;;;;;;;;;;;;;;;;;
SBW2488;UK17;245;245;141;141;177;177;223;223;183;189;119;121;115;139;143;147;137;137;187;187;;;;;;;;;;;;;;;;;
SBW2489;UK17;241;251;141;141;177;177;217;219;179;187;119;119;115;117;145;145;137;137;0;0;;;;;;;;;;;;;;;;;
SBW2490;UK17;245;245;141;143;177;177;217;223;161;181;125;125;111;111;143;145;137;137;189;189;;;;;;;;;;;;;;;;;
SBW2491;UK17;243;245;141;157;177;183;217;217;181;181;119;119;111;117;143;147;137;137;191;191;;;;;;;;;;;;;;;;;
SBW2492;UK17;249;249;141;141;177;183;217;219;161;187;119;123;111;113;143;143;137;137;189;191;;;;;;;;;;;;;;;;;
SBW2493;UK17;241;249;141;157;177;177;217;217;179;181;117;119;117;117;145;149;137;137;187;187;;;;;;;;;;;;;;;;;
SBW2494;UK17;241;251;143;143;177;177;217;219;181;181;117;123;111;117;143;143;137;137;0;0;;;;;;;;;;;;;;;;;
SBW2495;UK17;245;249;141;143;177;183;219;221;183;183;113;119;113;123;143;143;135;137;191;191;;;;;;;;;;;;;;;;;
SBW2496;UK17;245;245;141;141;177;177;219;223;175;179;113;123;113;115;145;147;135;137;187;189;;;;;;;;;;;;;;;;;
SBW2497;UK17;241;243;141;143;177;177;219;219;181;181;113;123;115;139;145;147;137;137;189;191;;;;;;;;;;;;;;;;;
SBW2498;UK17;239;243;141;143;177;177;219;219;181;185;119;123;111;115;143;145;137;137;187;189;;;;;;;;;;;;;;;;;
SBW2499;UK17;243;245;141;143;177;177;219;219;185;189;119;123;111;123;143;147;137;137;189;191;;;;;;;;;;;;;;;;;
SBW2500;UK17;245;249;141;143;177;177;219;219;181;183;113;119;111;123;143;149;135;135;191;191;;;;;;;;;;;;;;;;;
SBW2501;UK17;241;243;141;141;177;183;217;219;161;187;113;119;115;117;143;145;137;137;0;0;;;;;;;;;;;;;;;;;
SN1871;UK18;249;249;141;141;177;183;219;219;183;189;113;119;115;139;143;149;135;137;187;189;;;;;;;;;;;;;;;;;
SN2065;UK18;241;247;141;141;177;183;219;221;175;179;113;113;113;135;143;145;137;137;191;191;;;;;;;;;;;;;;;;;
SN2066;UK18;251;251;143;143;177;177;217;219;161;181;113;119;111;117;143;145;137;137;187;189;;;;;;;;;;;;;;;;;
SN2067;UK18;247;247;141;141;177;177;217;223;181;181;113;123;115;115;145;149;137;137;189;191;;;;;;;;;;;;;;;;;
SN2068;UK18;241;251;141;141;177;177;217;219;181;189;113;113;117;117;145;147;137;137;189;189;;;;;;;;;;;;;;;;;
SN2069;UK18;241;241;141;143;177;177;219;219;181;185;113;119;113;117;143;149;137;137;187;189;;;;;;;;;;;;;;;;;
SWH1751;UK19;241;251;141;157;177;183;219;223;181;187;113;119;115;117;143;143;137;137;187;187;;;;;;;;;;;;;;;;;
SWH1752;UK19;241;245;141;141;177;177;219;221;163;181;121;123;115;117;143;143;137;137;187;187;;;;;;;;;;;;;;;;;
SWH1753;UK19;241;245;143;157;177;177;217;219;161;189;117;119;117;117;147;147;135;137;187;189;;;;;;;;;;;;;;;;;
SWH1754;UK19;243;249;141;143;177;177;219;221;181;189;119;123;111;139;145;145;135;137;187;187;;;;;;;;;;;;;;;;;
SWH1755;UK19;235;251;141;157;177;183;217;219;187;189;113;123;113;113;145;145;137;137;189;189;;;;;;;;;;;;;;;;;
SWH1756;UK19;251;251;157;157;177;183;217;225;181;181;113;123;111;113;143;143;137;137;187;189;;;;;;;;;;;;;;;;;
SWH1757;UK19;241;249;141;143;177;183;217;219;175;191;119;123;117;117;149;149;137;137;187;189;;;;;;;;;;;;;;;;;
SWH1758;UK19;235;247;141;143;177;177;217;219;183;189;113;123;113;117;0;0;137;137;189;189;;;;;;;;;;;;;;;;;
SWH1759;UK19;249;251;141;157;177;177;219;219;185;189;121;123;113;117;143;143;137;137;189;189;;;;;;;;;;;;;;;;;
SWH1760;UK19;241;245;141;141;177;177;219;221;163;181;121;123;115;117;143;145;135;137;187;187;;;;;;;;;;;;;;;;;
SWH1761;UK19;241;245;143;157;177;177;217;221;183;189;119;123;111;113;147;147;135;135;187;189;;;;;;;;;;;;;;;;;
SWH1762;UK19;239;251;141;143;177;183;217;219;179;187;113;119;113;123;143;143;135;137;187;191;;;;;;;;;;;;;;;;;
SWH1793;UK19;251;251;141;143;177;177;217;219;181;187;113;119;117;117;147;147;137;137;189;189;;;;;;;;;;;;;;;;;
SWH1794;UK19;249;249;141;157;183;183;217;219;175;183;113;119;117;117;145;149;135;137;187;189;;;;;;;;;;;;;;;;;
SWH1795;UK19;247;249;141;141;177;177;217;217;183;187;113;117;117;117;145;145;137;137;191;191;;;;;;;;;;;;;;;;;
SWH1796;UK19;241;247;141;157;177;177;217;219;175;181;121;125;115;117;145;149;137;137;187;187;;;;;;;;;;;;;;;;;
SWH1797;UK19;243;245;143;157;177;177;217;219;179;181;119;123;113;115;145;145;135;137;189;189;;;;;;;;;;;;;;;;;
SWH1798;UK19;241;245;143;143;177;183;219;219;181;189;119;123;115;117;143;145;137;137;187;189;;;;;;;;;;;;;;;;;
SWH1799;UK19;241;243;141;157;177;183;219;219;179;189;119;123;113;115;145;147;137;137;191;191;;;;;;;;;;;;;;;;;
SWH1800;UK19;245;251;141;157;177;177;217;219;181;191;117;119;115;115;147;147;137;137;189;189;;;;;;;;;;;;;;;;;
SWH1802;UK19;243;251;143;143;177;177;219;219;179;181;119;123;115;139;145;147;135;137;187;187;;;;;;;;;;;;;;;;;
SWH1867;UK19;235;251;143;143;177;183;217;217;179;181;113;123;115;107;143;149;137;137;187;187;;;;;;;;;;;;;;;;;
SWH1868;UK19;247;249;141;141;177;177;219;219;185;185;113;119;113;115;0;0;0;0;0;0;;;;;;;;;;;;;;;;;
SWH1869;UK19;241;249;141;141;177;183;221;223;179;185;113;125;117;117;143;145;137;137;187;187;;;;;;;;;;;;;;;;;
SWH2089;UK19;245;247;157;157;177;183;217;221;181;183;121;123;111;115;145;149;137;137;189;191;;;;;;;;;;;;;;;;;
SWH2090;UK19;235;241;141;157;177;177;217;217;187;191;123;123;113;117;145;145;137;137;189;189;;;;;;;;;;;;;;;;;
SWH2091;UK19;241;245;157;157;177;177;219;219;181;181;113;119;111;115;145;147;137;137;189;189;;;;;;;;;;;;;;;;;
SWH2092;UK19;247;249;141;157;177;177;219;219;181;185;113;119;113;115;143;143;137;137;187;191;;;;;;;;;;;;;;;;;
SWH2093;UK19;245;251;143;157;177;177;219;219;181;183;113;123;113;115;143;147;137;137;189;189;;;;;;;;;;;;;;;;;
SWH2094;UK19;243;251;141;157;177;183;219;225;181;187;121;123;113;113;143;143;137;137;189;191;;;;;;;;;;;;;;;;;
SWH2506;UK19;249;249;141;141;177;177;219;219;181;183;113;119;111;115;143;143;137;137;191;191;;;;;;;;;;;;;;;;;
SWH2507;UK19;235;241;157;157;177;177;219;221;175;187;113;123;111;139;147;147;137;137;189;189;;;;;;;;;;;;;;;;;
SWH2508;UK19;241;243;141;157;177;177;217;219;181;183;113;121;115;123;149;149;135;137;191;191;;;;;;;;;;;;;;;;;
SWH2509;UK19;245;251;141;157;177;177;217;225;179;179;113;113;113;115;147;147;137;137;187;189;;;;;;;;;;;;;;;;;
SWH2510;UK19;245;249;141;143;177;183;217;219;181;183;113;119;117;117;143;149;135;135;187;189;;;;;;;;;;;;;;;;;
SWH2511;UK19;239;251;143;157;177;177;219;219;183;189;113;123;113;117;143;145;137;137;189;189;;;;;;;;;;;;;;;;;
SWH2512;UK19;241;241;141;157;177;183;219;219;187;189;113;121;115;117;145;145;137;137;187;189;;;;;;;;;;;;;;;;;
SWH2513;UK19;247;251;141;141;177;183;217;219;161;181;113;123;111;115;145;145;137;137;187;191;;;;;;;;;;;;;;;;;
SWH2514;UK19;241;251;141;157;177;183;219;221;181;187;119;121;113;115;143;145;137;137;187;187;;;;;;;;;;;;;;;;;
SWH2515;UK19;245;251;141;143;177;177;217;219;179;181;113;119;115;117;145;145;137;137;187;187;;;;;;;;;;;;;;;;;
SWH2516;UK19;239;245;141;157;177;177;217;217;179;181;119;119;123;123;143;145;135;137;189;191;;;;;;;;;;;;;;;;;
SWH2517;UK19;235;241;157;157;177;183;219;219;181;185;113;123;115;135;145;145;135;135;189;191;;;;;;;;;;;;;;;;;
DWS2471;UK20;235;245;141;141;177;177;217;217;181;183;119;123;117;139;143;145;137;137;187;193;;;;;;;;;;;;;;;;;
DWS2472;UK20;245;249;141;157;177;177;219;221;163;183;121;123;113;117;145;149;137;137;191;191;;;;;;;;;;;;;;;;;
DWS2473;UK20;243;251;141;157;177;183;219;221;181;189;113;119;115;123;147;147;137;137;189;191;;;;;;;;;;;;;;;;;
DWS2474;UK20;241;241;141;157;177;183;219;219;161;181;119;121;115;117;145;145;137;137;189;189;;;;;;;;;;;;;;;;;
DWS2475;UK20;241;243;141;143;177;177;217;219;161;175;113;113;123;139;145;147;137;137;187;191;;;;;;;;;;;;;;;;;
DWS2476;UK20;239;239;141;141;177;177;221;221;181;183;113;113;117;117;145;149;137;137;189;189;;;;;;;;;;;;;;;;;
DWS2477;UK20;241;245;143;157;177;177;217;219;183;187;113;123;117;117;143;143;137;137;0;0;;;;;;;;;;;;;;;;;
DWS2478;UK20;239;239;141;157;177;183;217;219;161;181;113;123;113;117;145;149;137;137;191;191;;;;;;;;;;;;;;;;;
DWS2479;UK20;241;245;141;141;177;177;217;219;179;185;113;119;115;117;143;145;137;137;187;187;;;;;;;;;;;;;;;;;
DWS2480;UK20;241;249;141;141;177;177;217;219;183;183;119;119;115;115;143;145;135;137;187;191;;;;;;;;;;;;;;;;;
DWS9484;UK20;243;249;141;143;177;177;219;221;183;183;113;113;117;139;143;147;137;137;187;189;;;;;;;;;;;;;;;;;
DWS9485;UK20;241;243;143;157;177;183;219;223;181;189;113;113;115;117;147;147;137;137;191;191;;;;;;;;;;;;;;;;;
DWS9486;UK20;241;249;141;141;177;183;217;219;179;187;113;123;113;117;145;145;135;137;189;191;;;;;;;;;;;;;;;;;
DWS9487;UK20;245;249;157;157;177;177;221;221;179;181;119;119;113;115;145;149;137;137;191;191;;;;;;;;;;;;;;;;;
DWS9488;UK20;241;245;141;141;177;177;217;219;181;181;113;119;115;117;147;147;137;137;189;189;;;;;;;;;;;;;;;;;
DWS9489;UK20;249;251;141;157;177;177;221;223;181;187;117;119;113;117;145;145;137;137;187;191;;;;;;;;;;;;;;;;;
DWS9490;UK20;243;245;141;157;177;183;219;219;181;181;119;119;113;117;143;149;137;137;187;187;;;;;;;;;;;;;;;;;
DWS9491;UK20;243;245;141;141;177;177;221;221;181;183;113;119;117;117;149;149;137;137;187;191;;;;;;;;;;;;;;;;;
DWS9492;UK20;239;243;141;157;177;177;219;221;181;183;113;119;123;139;145;145;137;137;187;187;;;;;;;;;;;;;;;;;
DWS9493;UK20;241;247;141;143;177;183;219;221;181;181;113;115;115;115;143;147;137;137;187;191;;;;;;;;;;;;;;;;;
DWS9494;UK20;243;245;141;141;177;177;217;221;181;183;117;119;117;117;149;149;137;137;191;191;;;;;;;;;;;;;;;;;
DWS9495;UK20;239;249;141;141;177;177;217;219;183;187;113;125;111;139;143;149;137;137;189;189;;;;;;;;;;;;;;;;;
DWS9496;UK20;239;243;141;141;177;177;219;219;183;183;113;119;117;139;0;0;137;137;191;191;;;;;;;;;;;;;;;;;
DWS9497;UK20;241;245;143;143;177;177;217;221;183;183;119;123;113;117;143;149;137;137;189;189;;;;;;;;;;;;;;;;;
DWS9498;UK20;239;251;141;157;177;177;219;219;179;189;113;119;117;139;145;145;137;137;187;195;;;;;;;;;;;;;;;;;
DB1870;UK21;241;241;141;143;177;177;219;221;181;183;113;123;123;139;145;145;135;137;187;187;;;;;;;;;;;;;;;;;
DB2060;UK21;241;241;141;141;177;177;217;219;181;181;113;119;111;135;143;147;135;137;187;189;;;;;;;;;;;;;;;;;
DB2061;UK21;241;241;141;143;177;177;219;221;161;181;113;119;115;115;143;149;137;137;187;187;;;;;;;;;;;;;;;;;
DB2062;UK21;241;241;143;157;177;177;219;221;179;181;117;123;117;139;145;145;137;137;187;191;;;;;;;;;;;;;;;;;
DB2063;UK21;241;241;141;143;177;183;221;223;161;183;113;117;115;117;143;143;137;137;187;189;;;;;;;;;;;;;;;;;
DB2064;UK21;241;245;141;141;177;177;217;217;175;187;113;119;111;117;143;143;135;137;187;187;;;;;;;;;;;;;;;;;
DB2548;UK21;241;243;157;157;177;177;217;223;183;187;119;123;115;117;143;143;137;137;187;193;;;;;;;;;;;;;;;;;
DB2549;UK21;241;245;141;143;177;177;217;219;161;181;123;123;115;139;145;145;137;137;191;191;;;;;;;;;;;;;;;;;
DB2550;UK21;241;243;141;141;177;177;217;219;161;189;119;123;111;117;143;147;135;137;189;191;;;;;;;;;;;;;;;;;
DB2590;UK21;241;251;141;141;177;177;217;219;183;183;113;121;113;123;145;145;137;137;191;191;;;;;;;;;;;;;;;;;
DW2537;UK22;241;241;141;141;177;177;219;221;181;183;117;119;111;115;143;147;137;137;187;191;;;;;;;;;;;;;;;;;
DW2538;UK22;243;245;141;141;177;177;217;219;161;183;121;121;115;139;143;147;137;137;191;191;;;;;;;;;;;;;;;;;
DW2539;UK22;245;247;141;141;177;177;219;219;161;183;113;113;117;117;147;147;137;137;187;189;;;;;;;;;;;;;;;;;
DW2540;UK22;245;245;141;141;177;177;217;219;179;183;117;119;113;117;145;147;137;137;191;191;;;;;;;;;;;;;;;;;
DW2541;UK22;247;251;141;141;177;177;219;221;181;185;123;123;113;113;143;147;137;137;191;195;;;;;;;;;;;;;;;;;
DW2542;UK22;235;235;141;143;177;177;219;219;175;181;119;119;111;115;143;147;137;137;187;189;;;;;;;;;;;;;;;;;
DW2572;UK22;235;239;141;143;177;177;219;219;181;183;113;119;115;123;147;147;137;137;0;0;;;;;;;;;;;;;;;;;
DW2573;UK22;241;247;141;141;177;177;219;221;181;183;117;119;115;139;0;0;137;137;191;191;;;;;;;;;;;;;;;;;
DW2574;UK22;243;245;157;157;177;177;219;219;161;189;113;119;117;117;145;145;137;137;189;189;;;;;;;;;;;;;;;;;
DW2575;UK22;241;245;143;143;177;177;219;221;181;187;113;117;117;139;151;151;137;137;0;0;;;;;;;;;;;;;;;;;
DW2576;UK22;239;241;157;157;177;177;219;219;183;187;113;119;115;117;0;0;137;137;0;0;;;;;;;;;;;;;;;;;
DW2577;UK22;241;243;141;141;177;177;217;217;161;181;119;119;117;139;145;145;137;137;0;0;;;;;;;;;;;;;;;;;
DW2578;UK22;241;245;141;143;177;177;217;221;181;185;121;123;113;117;145;145;137;137;189;195;;;;;;;;;;;;;;;;;
DW2579;UK22;241;251;141;141;177;177;219;219;181;189;119;123;113;139;147;147;137;137;193;193;;;;;;;;;;;;;;;;;
DW2580;UK22;247;251;157;157;177;177;219;221;181;185;117;119;113;117;145;145;137;137;191;191;;;;;;;;;;;;;;;;;
DW2581;UK22;243;247;143;143;177;177;219;219;161;187;119;121;115;139;147;147;137;137;0;0;;;;;;;;;;;;;;;;;
DW2582;UK22;245;245;141;141;177;177;217;217;181;183;119;123;111;115;0;0;137;137;187;189;;;;;;;;;;;;;;;;;
DW2583;UK22;241;245;141;141;177;177;219;221;181;187;113;117;111;115;145;145;137;137;0;0;;;;;;;;;;;;;;;;;
DW2584;UK22;241;245;141;141;177;177;219;221;161;183;113;121;115;115;147;147;137;137;191;191;;;;;;;;;;;;;;;;;
DW2585;UK22;241;241;141;141;177;177;217;217;179;183;113;113;111;139;143;145;137;137;189;193;;;;;;;;;;;;;;;;;
DW2586;UK22;241;247;141;157;177;177;219;221;181;189;113;119;115;139;143;147;135;137;187;191;;;;;;;;;;;;;;;;;
DW2587;UK22;245;249;141;141;177;183;217;219;161;181;119;121;113;115;139;143;135;135;187;189;;;;;;;;;;;;;;;;;
DW2588;UK22;241;243;141;143;177;183;219;221;181;189;119;119;117;117;143;145;137;137;187;187;;;;;;;;;;;;;;;;;
DW2589;UK22;247;249;141;141;177;177;219;221;183;187;113;119;113;117;143;147;137;137;191;191;;;;;;;;;;;;;;;;;
DM1888;UK23;241;245;141;141;0;0;219;219;175;175;113;117;113;115;143;147;137;137;187;187;;;;;;;;;;;;;;;;;
DM1889;UK23;245;247;141;141;177;177;217;221;179;181;117;117;111;117;147;149;135;137;189;191;;;;;;;;;;;;;;;;;
DM1890;UK23;241;245;157;157;177;177;217;219;183;185;113;123;117;139;145;147;137;137;187;191;;;;;;;;;;;;;;;;;
DM1891;UK23;241;247;143;143;177;183;217;219;181;181;113;119;111;139;145;145;137;137;187;189;;;;;;;;;;;;;;;;;
DM1892;UK23;239;247;141;157;177;183;221;221;183;183;119;119;117;117;143;145;135;137;189;191;;;;;;;;;;;;;;;;;
DM1893;UK23;241;245;143;143;177;177;217;221;185;189;117;119;113;115;143;145;137;137;189;189;;;;;;;;;;;;;;;;;
DM1894;UK23;249;249;143;143;177;177;217;219;181;189;119;119;115;115;143;149;137;137;187;187;;;;;;;;;;;;;;;;;
DM1895;UK23;241;241;141;141;177;177;219;221;183;185;113;123;117;123;145;145;137;137;187;191;;;;;;;;;;;;;;;;;
DM1896;UK23;247;247;143;143;177;177;219;221;175;183;117;123;115;117;143;149;135;137;187;189;;;;;;;;;;;;;;;;;
DM1897;UK23;243;251;143;143;177;177;219;221;181;183;113;117;117;123;143;143;137;137;189;191;;;;;;;;;;;;;;;;;
DM1898;UK23;243;243;141;141;177;183;217;219;181;183;117;123;115;115;143;145;137;137;189;191;;;;;;;;;;;;;;;;;
DM2553;UK23;245;247;141;141;177;183;219;219;183;183;119;123;115;115;147;147;135;137;187;191;;;;;;;;;;;;;;;;;
DM2554;UK23;241;241;141;141;177;183;217;219;183;189;119;119;111;113;143;143;137;137;187;191;;;;;;;;;;;;;;;;;
DM2555;UK23;239;241;141;141;177;177;217;219;175;183;113;119;113;113;143;147;135;137;187;191;;;;;;;;;;;;;;;;;
DM2556;UK23;249;249;141;141;177;183;217;219;175;181;113;117;115;115;149;149;137;137;187;187;;;;;;;;;;;;;;;;;
DM2557;UK23;245;249;141;141;177;177;219;219;187;187;119;123;115;115;147;147;137;137;191;191;;;;;;;;;;;;;;;;;
DM2558;UK23;243;247;141;141;177;177;221;221;183;185;123;123;111;115;145;145;137;137;187;191;;;;;;;;;;;;;;;;;
DM2559;UK23;239;241;141;141;177;177;221;221;175;181;113;119;115;117;143;143;137;137;189;191;;;;;;;;;;;;;;;;;
DM2560;UK23;243;249;141;141;183;183;217;219;183;189;123;123;115;115;145;145;137;137;189;191;;;;;;;;;;;;;;;;;
DM2561;UK23;241;249;157;157;177;183;217;223;183;185;113;119;111;111;143;143;137;137;187;191;;;;;;;;;;;;;;;;;
DM2562;UK23;241;247;141;143;177;183;219;223;179;183;113;123;111;111;143;145;137;137;187;191;;;;;;;;;;;;;;;;;
DM2563;UK23;245;249;141;141;177;177;217;217;183;183;119;123;115;117;145;147;137;137;189;195;;;;;;;;;;;;;;;;;
DM2564;UK23;239;243;141;141;177;183;217;221;163;181;113;119;115;115;143;145;137;137;187;195;;;;;;;;;;;;;;;;;
DM2565;UK23;245;249;141;141;177;183;217;219;175;181;113;113;111;115;143;149;137;137;191;191;;;;;;;;;;;;;;;;;
DM2566;UK23;241;241;141;157;177;177;217;221;187;189;117;121;111;115;145;145;137;137;191;195;;;;;;;;;;;;;;;;;
DM2567;UK23;241;251;141;143;177;177;219;219;179;183;113;123;111;115;145;149;137;137;187;191;;;;;;;;;;;;;;;;;
DM2568;UK23;241;245;141;141;177;177;217;217;179;187;117;119;117;117;143;147;137;137;191;191;;;;;;;;;;;;;;;;;
DM2569;UK23;245;245;141;141;177;177;219;219;181;181;117;123;117;117;147;147;137;137;189;191;;;;;;;;;;;;;;;;;
DM2570;UK23;247;249;141;143;177;177;217;219;187;189;123;123;115;117;147;149;137;137;187;187;;;;;;;;;;;;;;;;;
DM2571;UK23;241;247;141;157;177;177;217;221;179;183;121;123;117;117;143;147;135;137;195;195;;;;;;;;;;;;;;;;;
SHF2518;UK24;239;241;157;157;177;177;219;221;189;189;113;119;111;115;145;145;137;137;187;187;;;;;;;;;;;;;;;;;
SHF2519;UK24;243;247;141;143;177;177;217;217;183;189;119;119;111;115;143;143;137;137;189;189;;;;;;;;;;;;;;;;;
SHF2520;UK24;245;249;141;143;177;177;219;219;181;183;117;119;115;117;147;147;137;137;189;195;;;;;;;;;;;;;;;;;
SHF2521;UK24;235;247;141;141;177;183;219;219;181;183;113;119;117;123;143;145;137;137;189;195;;;;;;;;;;;;;;;;;
SHF2522;UK24;245;247;141;143;177;177;217;221;183;183;119;123;111;115;143;143;137;137;189;189;;;;;;;;;;;;;;;;;
SHF2523;UK24;241;249;141;141;177;177;217;219;181;183;117;119;111;111;143;143;135;135;191;191;;;;;;;;;;;;;;;;;
SHF2524;UK24;235;247;141;141;177;177;219;223;161;187;119;119;117;123;147;147;137;137;187;187;;;;;;;;;;;;;;;;;
SHF2525;UK24;241;241;143;157;177;183;219;219;181;183;119;119;115;115;143;149;137;137;187;189;;;;;;;;;;;;;;;;;
SHF2526;UK24;241;245;143;143;177;177;217;219;181;181;113;119;111;115;143;143;137;137;189;191;;;;;;;;;;;;;;;;;
SHF2527;UK24;241;245;141;143;177;183;219;219;181;181;113;119;111;117;147;147;137;137;191;191;;;;;;;;;;;;;;;;;
SHF2528;UK24;249;249;141;141;177;177;217;217;179;185;117;123;115;117;143;147;137;137;191;191;;;;;;;;;;;;;;;;;
SHF2529;UK24;239;249;141;141;177;177;219;219;181;187;117;119;111;111;143;147;135;137;187;189;;;;;;;;;;;;;;;;;
SHF2530;UK24;241;247;143;157;177;177;217;217;181;183;119;123;113;115;143;149;137;137;187;189;;;;;;;;;;;;;;;;;
SHF2531;UK24;241;249;141;143;177;177;217;219;183;183;117;119;111;117;147;147;137;137;191;195;;;;;;;;;;;;;;;;;
SHF2532;UK24;241;247;141;157;177;177;217;219;181;189;117;119;111;111;145;145;137;137;187;195;;;;;;;;;;;;;;;;;
IOWA1838;UK25;249;249;141;141;177;177;221;221;185;189;119;123;111;117;145;145;135;137;189;189;;;;;;;;;;;;;;;;;
IOWA1839;UK25;245;247;141;141;177;177;217;219;183;183;111;113;111;115;145;145;137;137;189;191;;;;;;;;;;;;;;;;;
IOWA1840;UK25;245;245;141;141;177;177;217;221;181;183;119;119;117;139;145;147;137;137;189;191;;;;;;;;;;;;;;;;;
IOWA1841;UK25;243;245;141;141;177;177;223;223;181;185;113;121;111;117;143;147;135;137;187;189;;;;;;;;;;;;;;;;;
IOWA1842;UK25;245;245;141;141;177;177;219;219;181;183;113;113;117;139;143;143;137;137;191;195;;;;;;;;;;;;;;;;;
IOWA2050;UK25;241;241;141;141;177;183;219;223;183;189;113;119;111;111;145;145;137;137;189;191;;;;;;;;;;;;;;;;;
IOWA2051;UK25;241;245;141;141;177;177;219;221;183;189;119;123;111;123;145;145;135;137;191;191;;;;;;;;;;;;;;;;;
IOWA2052;UK25;245;247;141;141;177;177;219;221;181;183;119;119;115;117;143;145;137;137;187;191;;;;;;;;;;;;;;;;;
IOWA2053;UK25;247;247;141;141;177;177;219;219;179;185;113;119;115;117;143;143;137;137;191;191;;;;;;;;;;;;;;;;;
IOWA2647;UK25;239;249;141;141;177;183;217;219;183;185;117;119;111;111;143;143;137;137;189;191;;;;;;;;;;;;;;;;;
IOWA2648;UK25;243;245;141;141;177;177;217;221;179;183;119;123;111;123;143;145;137;137;191;191;;;;;;;;;;;;;;;;;
IOWA2649;UK25;239;247;141;141;194;194;219;221;183;185;113;117;111;115;145;145;137;137;191;191;;;;;;;;;;;;;;;;;
IOWA2650;UK25;245;245;141;141;177;177;217;217;183;185;113;117;111;117;143;143;137;137;189;191;;;;;;;;;;;;;;;;;
IOWAL2054;UK26;241;245;141;141;177;177;219;221;185;189;119;123;117;117;143;145;137;137;189;195;;;;;;;;;;;;;;;;;
IOWAL2055;UK26;245;245;141;141;177;177;217;217;179;183;113;125;115;115;143;145;137;137;195;195;;;;;;;;;;;;;;;;;
IOWAL2056;UK26;239;241;141;141;177;177;217;219;183;191;119;119;117;139;145;147;137;137;187;187;;;;;;;;;;;;;;;;;
IOWAL2057;UK26;245;245;141;141;177;183;219;219;181;183;113;119;111;123;143;147;137;137;189;191;;;;;;;;;;;;;;;;;
IOWAL2058;UK26;245;247;141;141;177;177;219;219;183;191;113;119;111;117;143;147;135;137;189;189;;;;;;;;;;;;;;;;;
IOWAL2059;UK26;239;245;141;141;177;177;219;223;179;179;119;123;111;117;143;145;137;137;187;191;;;;;;;;;;;;;;;;;
IOWALDenise;UK26;241;245;141;141;177;177;217;217;161;181;125;129;111;115;143;143;135;137;189;191;;;;;;;;;;;;;;;;;
IOWH1843 ;UK27;245;245;141;141;177;177;217;219;161;179;113;125;111;117;145;147;137;137;191;191;;;;;;;;;;;;;;;;;
IOWH1844;UK27;239;245;141;141;177;177;219;223;179;183;119;123;111;111;143;145;135;137;189;191;;;;;;;;;;;;;;;;;
IOWH1845;UK27;245;249;141;141;177;177;221;223;183;185;113;119;111;139;143;143;137;137;191;191;;;;;;;;;;;;;;;;;
IOWH1846;UK27;239;245;141;141;177;177;217;217;183;189;113;119;111;117;145;145;137;137;189;195;;;;;;;;;;;;;;;;;
IOWH1847;UK27;239;249;141;141;177;177;217;219;179;183;119;119;115;117;145;145;137;137;187;189;;;;;;;;;;;;;;;;;
IOWH1848;UK27;245;249;141;141;177;177;217;221;179;183;123;125;117;123;145;147;137;137;189;191;;;;;;;;;;;;;;;;;
IOWH1849;UK27;241;241;141;141;177;177;217;223;179;183;113;125;111;139;145;145;137;137;189;191;;;;;;;;;;;;;;;;;
IOWH1850;UK27;243;249;141;141;177;177;217;219;189;189;119;119;117;139;143;143;137;137;189;189;;;;;;;;;;;;;;;;;
IOWH2533;UK27;239;241;141;141;177;177;217;223;183;185;113;113;111;139;143;143;137;137;189;191;;;;;;;;;;;;;;;;;
IOWH2645;UK27;249;249;141;141;177;183;219;221;181;183;119;125;115;117;143;143;137;137;189;189;;;;;;;;;;;;;;;;;
IOWH2646;UK27;235;245;141;141;177;177;217;221;163;175;119;119;111;117;145;145;137;137;191;191;;;;;;;;;;;;;;;;;
IOWN1827;UK28;243;243;141;141;177;177;217;221;183;183;119;119;117;139;0;0;135;137;189;189;;;;;;;;;;;;;;;;;
IOWN1828;UK28;245;245;141;141;177;177;219;221;181;183;113;119;117;117;143;143;137;137;189;191;;;;;;;;;;;;;;;;;
IOWN1829;UK28;245;247;141;141;177;177;217;219;179;189;119;123;111;139;143;147;135;137;187;191;;;;;;;;;;;;;;;;;
IOWN1830;UK28;243;245;141;141;177;177;217;223;183;185;117;123;111;139;143;143;135;137;191;191;;;;;;;;;;;;;;;;;
IOWN1831;UK28;239;243;141;141;177;177;217;219;175;185;123;125;117;139;145;145;137;137;191;191;;;;;;;;;;;;;;;;;
IOWN1832;UK28;241;249;141;141;177;177;217;219;175;179;113;119;139;139;0;0;135;137;191;191;;;;;;;;;;;;;;;;;
IOWN1833;UK28;245;245;141;141;177;177;219;219;161;185;113;119;111;117;143;143;135;137;189;189;;;;;;;;;;;;;;;;;
IOWN1834;UK28;241;243;141;141;177;177;217;221;183;185;119;123;111;111;143;143;137;137;189;191;;;;;;;;;;;;;;;;;
IOWN1835;UK28;241;249;141;143;177;177;217;219;183;183;119;119;113;123;143;145;137;137;191;191;;;;;;;;;;;;;;;;;
IOWN1836;UK28;245;245;141;141;177;177;217;223;161;189;113;123;137;139;143;143;135;137;189;189;;;;;;;;;;;;;;;;;
IOWN1837;UK28;239;245;141;141;177;177;217;221;185;189;113;113;117;139;143;145;137;137;189;189;;;;;;;;;;;;;;;;;
IOWNBunty;UK28;241;245;141;141;177;177;219;219;179;183;113;119;111;113;143;143;137;137;187;189;;;;;;;;;;;;;;;;;
